#
# A fatal error has been detected by the Java Runtime Environment:
#
#  EXCEPTION_ACCESS_VIOLATION (0xc0000005) at pc=0x00007ffb031ec556, pid=276, tid=7516
#
# JRE version: OpenJDK Runtime Environment Temurin-21.0.8+9 (21.0.8+9) (build 21.0.8+9-LTS)
# Java VM: OpenJDK 64-Bit Server VM Temurin-21.0.8+9 (21.0.8+9-LTS, mixed mode, emulated-client, sharing, tiered, compressed oops, compressed class ptrs, g1 gc, windows-amd64)
# Problematic frame:
# V  [jvm.dll+0xc556]
#
# No core dump will be written. Minidumps are not enabled by default on client versions of Windows
#
# If you would like to submit a bug report, please visit:
#   https://github.com/adoptium/adoptium-support/issues
#

---------------  S U M M A R Y ------------

Command Line: -XX:+ShowCodeDetailsInExceptionMessages -agentlib:jdwp=transport=dt_socket,suspend=y,address=localhost:50637 -Dcom.sun.management.jmxremote -Dcom.sun.management.jmxremote.port=50636 -Dcom.sun.management.jmxremote.authenticate=false -Dcom.sun.management.jmxremote.ssl=false -Djava.rmi.server.hostname=localhost -Dspring.jmx.enabled=true -Dmanagement.endpoints.jmx.exposure.include=* -Dspring.application.admin.enabled=true -Dspring.profiles.active=local -Dspring.output.ansi.enabled=always -XX:TieredStopAtLevel=1 -Dspring.boot.project.name=MyBaseLinkV2 -javaagent:D:\project\dev_boot_project\sts-4.32.0.RELEASE\configuration\org.eclipse.osgi\272\0\.cp\lib\javaagent-shaded.jar -Dfile.encoding=UTF-8 -Dstdout.encoding=UTF-8 -Dstderr.encoding=UTF-8 com.mybaselinkV2.app.MyBaseLinkV2Application

Host: Intel(R) Core(TM) i7-8565U CPU @ 1.80GHz, 8 cores, 15G,  Windows 11 , 64 bit Build 26100 (10.0.26100.7623)
Time: Wed Jan 21 22:40:58 2026 elapsed time: 1341.283892 seconds (0d 0h 22m 21s)

---------------  T H R E A D  ---------------

Current thread (0x00000236d3673440):  WorkerThread "GC Thread#2"    [id=7516, stack(0x000000a592200000,0x000000a592300000) (1024K)]

Stack: [0x000000a592200000,0x000000a592300000],  sp=0x000000a5922fe0c8,  free space=1016k
Native frames: (J=compiled Java code, j=interpreted, Vv=VM code, C=native code)
V  [jvm.dll+0xc556]

JavaThread 0x00000236d6ba44e0 (nid = 11796) was being processed
Java frames: (J=compiled Java code, j=interpreted, Vv=VM code)
j  java.lang.invoke.DirectMethodHandle$Holder.newInvokeSpecial(Ljava/lang/Object;)Ljava/lang/Object;+15 java.base@21.0.8
J 978 c1 jdk.internal.reflect.DirectConstructorHandleAccessor.newInstance([Ljava/lang/Object;)Ljava/lang/Object; java.base@21.0.8 (130 bytes) @ 0x0000023683d384ec [0x0000023683d382e0+0x000000000000020c]
J 977 c1 java.lang.reflect.Constructor.newInstanceWithCaller([Ljava/lang/Object;ZLjava/lang/Class;)Ljava/lang/Object; java.base@21.0.8 (51 bytes) @ 0x0000023683d333bc [0x0000023683d332e0+0x00000000000000dc]
J 3981 c1 org.springframework.beans.BeanUtils.instantiateClass(Ljava/lang/reflect/Constructor;[Ljava/lang/Object;)Ljava/lang/Object; (208 bytes) @ 0x00000236842af184 [0x00000236842aec00+0x0000000000000584]
J 10906 c1 org.springframework.beans.factory.support.SimpleInstantiationStrategy.instantiate(Lorg/springframework/beans/factory/support/RootBeanDefinition;Ljava/lang/String;Lorg/springframework/beans/factory/BeanFactory;)Ljava/lang/Object; (123 bytes) @ 0x0000023684c7c95c [0x0000023684c7c4a0+0x00000000000004bc]
J 10905 c1 org.springframework.beans.factory.support.AbstractAutowireCapableBeanFactory.instantiateBean(Ljava/lang/String;Lorg/springframework/beans/factory/support/RootBeanDefinition;)Lorg/springframework/beans/BeanWrapper; (51 bytes) @ 0x0000023684c7ae74 [0x0000023684c7adc0+0x00000000000000b4]
J 6858 c1 org.springframework.beans.factory.support.AbstractAutowireCapableBeanFactory.createBeanInstance(Ljava/lang/String;Lorg/springframework/beans/factory/support/RootBeanDefinition;[Ljava/lang/Object;)Lorg/springframework/beans/BeanWrapper; (245 bytes) @ 0x0000023683d4987c [0x0000023683d49240+0x000000000000063c]
J 6857 c1 org.springframework.beans.factory.support.AbstractAutowireCapableBeanFactory.doCreateBean(Ljava/lang/String;Lorg/springframework/beans/factory/support/RootBeanDefinition;[Ljava/lang/Object;)Ljava/lang/Object; (465 bytes) @ 0x00000236841d7aac [0x00000236841d7900+0x00000000000001ac]
J 6856 c1 org.springframework.beans.factory.support.AbstractAutowireCapableBeanFactory.createBean(Ljava/lang/String;Lorg/springframework/beans/factory/support/RootBeanDefinition;[Ljava/lang/Object;)Ljava/lang/Object; (214 bytes) @ 0x0000023683d5feac [0x0000023683d5f9c0+0x00000000000004ec]
J 6865 c1 org.springframework.beans.factory.support.AbstractBeanFactory$$Lambda+0x000002368f348e08.getObject()Ljava/lang/Object; (20 bytes) @ 0x0000023683d173bc [0x0000023683d17320+0x000000000000009c]
J 6864 c1 org.springframework.beans.factory.support.DefaultSingletonBeanRegistry.getSingleton(Ljava/lang/String;Lorg/springframework/beans/factory/ObjectFactory;)Ljava/lang/Object; (1299 bytes) @ 0x0000023684200fb4 [0x00000236841ffd00+0x00000000000012b4]
J 3826 c1 org.springframework.beans.factory.support.AbstractBeanFactory.doGetBean(Ljava/lang/String;Ljava/lang/Class;[Ljava/lang/Object;Z)Ljava/lang/Object; (787 bytes) @ 0x000002368426752c [0x0000023684266ea0+0x000000000000068c]
J 6992 c1 org.springframework.beans.factory.support.DefaultListableBeanFactory.doResolveDependency(Lorg/springframework/beans/factory/config/DependencyDescriptor;Ljava/lang/String;Ljava/util/Set;Lorg/springframework/beans/TypeConverter;)Ljava/lang/Object; (703 bytes) @ 0x0000023684749ecc [0x0000023684748100+0x0000000000001dcc]
J 6967 c1 org.springframework.beans.factory.support.DefaultListableBeanFactory.resolveDependency(Lorg/springframework/beans/factory/config/DependencyDescriptor;Ljava/lang/String;Ljava/util/Set;Lorg/springframework/beans/TypeConverter;)Ljava/lang/Object; (121 bytes) @ 0x0000023683ea01dc [0x0000023683ea0000+0x00000000000001dc]
J 7042 c1 org.springframework.beans.factory.support.ConstructorResolver.resolveAutowiredArgument(Lorg/springframework/beans/factory/config/DependencyDescriptor;Ljava/lang/Class;Ljava/lang/String;Ljava/util/Set;Lorg/springframework/beans/TypeConverter;Z)Ljava/lang/Object; (117 bytes) @ 0x0000023683d6d5c4 [0x0000023683d6d380+0x0000000000000244]
J 10811 c1 org.springframework.beans.factory.support.ConstructorResolver.createArgumentArray(Ljava/lang/String;Lorg/springframework/beans/factory/support/RootBeanDefinition;Lorg/springframework/beans/factory/config/ConstructorArgumentValues;Lorg/springframework/beans/BeanWrapper;[Ljava/lang/Class;[Ljava/lang/String;Ljava/lang/reflect/Executable;ZZ)Lorg/springframework/beans/factory/support/ConstructorResolver$ArgumentsHolder; (533 bytes) @ 0x0000023684c418d4 [0x0000023684c40a00+0x0000000000000ed4]
J 12306 c1 org.springframework.beans.factory.support.ConstructorResolver.autowireConstructor(Ljava/lang/String;Lorg/springframework/beans/factory/support/RootBeanDefinition;[Ljava/lang/reflect/Constructor;[Ljava/lang/Object;)Lorg/springframework/beans/BeanWrapper; (921 bytes) @ 0x00000236849bca64 [0x00000236849bbae0+0x0000000000000f84]
J 6858 c1 org.springframework.beans.factory.support.AbstractAutowireCapableBeanFactory.createBeanInstance(Ljava/lang/String;Lorg/springframework/beans/factory/support/RootBeanDefinition;[Ljava/lang/Object;)Lorg/springframework/beans/BeanWrapper; (245 bytes) @ 0x0000023683d49984 [0x0000023683d49240+0x0000000000000744]
J 6857 c1 org.springframework.beans.factory.support.AbstractAutowireCapableBeanFactory.doCreateBean(Ljava/lang/String;Lorg/springframework/beans/factory/support/RootBeanDefinition;[Ljava/lang/Object;)Ljava/lang/Object; (465 bytes) @ 0x00000236841d7aac [0x00000236841d7900+0x00000000000001ac]
J 6856 c1 org.springframework.beans.factory.support.AbstractAutowireCapableBeanFactory.createBean(Ljava/lang/String;Lorg/springframework/beans/factory/support/RootBeanDefinition;[Ljava/lang/Object;)Ljava/lang/Object; (214 bytes) @ 0x0000023683d5feac [0x0000023683d5f9c0+0x00000000000004ec]
J 6865 c1 org.springframework.beans.factory.support.AbstractBeanFactory$$Lambda+0x000002368f348e08.getObject()Ljava/lang/Object; (20 bytes) @ 0x0000023683d173bc [0x0000023683d17320+0x000000000000009c]
J 6864 c1 org.springframework.beans.factory.support.DefaultSingletonBeanRegistry.getSingleton(Ljava/lang/String;Lorg/springframework/beans/factory/ObjectFactory;)Ljava/lang/Object; (1299 bytes) @ 0x0000023684200fb4 [0x00000236841ffd00+0x00000000000012b4]
J 3826 c1 org.springframework.beans.factory.support.AbstractBeanFactory.doGetBean(Ljava/lang/String;Ljava/lang/Class;[Ljava/lang/Object;Z)Ljava/lang/Object; (787 bytes) @ 0x000002368426752c [0x0000023684266ea0+0x000000000000068c]
J 6542 c1 org.springframework.beans.factory.support.AbstractBeanFactory.getBean(Ljava/lang/String;)Ljava/lang/Object; (9 bytes) @ 0x00000236846efeb4 [0x00000236846efe40+0x0000000000000074]
j  org.springframework.beans.factory.support.DefaultListableBeanFactory.instantiateSingleton(Ljava/lang/String;)V+51
j  org.springframework.beans.factory.support.DefaultListableBeanFactory.preInstantiateSingleton(Ljava/lang/String;Lorg/springframework/beans/factory/support/RootBeanDefinition;)Ljava/util/concurrent/CompletableFuture;+141
j  org.springframework.beans.factory.support.DefaultListableBeanFactory.preInstantiateSingletons()V+123
j  org.springframework.context.support.AbstractApplicationContext.finishBeanFactoryInitialization(Lorg/springframework/beans/factory/config/ConfigurableListableBeanFactory;)V+284
j  org.springframework.context.support.AbstractApplicationContext.refresh()V+94
j  org.springframework.boot.web.servlet.context.ServletWebServerApplicationContext.refresh()V+1
j  org.springframework.boot.SpringApplication.refresh(Lorg/springframework/context/ConfigurableApplicationContext;)V+1
j  org.springframework.boot.SpringApplication.refreshContext(Lorg/springframework/context/ConfigurableApplicationContext;)V+19
j  org.springframework.boot.SpringApplication.run([Ljava/lang/String;)Lorg/springframework/context/ConfigurableApplicationContext;+113
j  org.springframework.boot.SpringApplication.run([Ljava/lang/Class;[Ljava/lang/String;)Lorg/springframework/context/ConfigurableApplicationContext;+9
j  org.springframework.boot.SpringApplication.run(Ljava/lang/Class;[Ljava/lang/String;)Lorg/springframework/context/ConfigurableApplicationContext;+9
j  com.mybaselinkV2.app.MyBaseLinkV2Application.main([Ljava/lang/String;)V+21
J 8546 c1 java.lang.invoke.LambdaForm$DMH+0x000002368f004c00.invokeStatic(Ljava/lang/Object;Ljava/lang/Object;)V java.base@21.0.8 (14 bytes) @ 0x000002368497e8b4 [0x000002368497e840+0x0000000000000074]
j  java.lang.invoke.LambdaForm$MH+0x000002368f9fe000.invoke(Ljava/lang/Object;Ljava/lang/Object;Ljava/lang/Object;)Ljava/lang/Object;+33 java.base@21.0.8
J 4390 c1 jdk.internal.reflect.DirectMethodHandleAccessor.invoke(Ljava/lang/Object;[Ljava/lang/Object;)Ljava/lang/Object; java.base@21.0.8 (92 bytes) @ 0x0000023684369a04 [0x00000236843696a0+0x0000000000000364]
J 4395 c1 java.lang.reflect.Method.invoke(Ljava/lang/Object;[Ljava/lang/Object;)Ljava/lang/Object; java.base@21.0.8 (108 bytes) @ 0x0000023684365974 [0x0000023684365780+0x00000000000001f4]
j  org.springframework.boot.devtools.restart.RestartLauncher.run()V+47
v  ~StubRoutines::call_stub 0x00000236838e100d

siginfo: EXCEPTION_ACCESS_VIOLATION (0xc0000005), reading address 0x000002371c72b457


Registers:
RAX=0x0000000000000000, RBX=0x0000000000000000, RCX=0x000000a591dfbdd0, RDX=0x000000a591dfbdd0
RSP=0x000000a5922fe0c8, RBP=0x000000a5922fe2a0, RSI=0x000000a5922fe470, RDI=0x000000a591dfbdd0
R8 =0x000002371c72b44f, R9 =0x000000a591dfbdd0, R10=0x00000236838e0000, R11=0x000000a5922fe318
R12=0x000002368e5427f8, R13=0x000000a591dfbdd0, R14=0x00000236d75a4d50, R15=0x000002371c72b44f
RIP=0x00007ffb031ec556, EFLAGS=0x0000000000010202

XMM[0]=0x3b3b3b3b3b3b3b3b 0x3b3b3b3b3b3b3b3b
XMM[1]=0x0000000000000000 0x00000000000000ff
XMM[2]=0x0000000000000000 0x0000000000000000
XMM[3]=0x0000000000000000 0x4094f5127de6b5ac
XMM[4]=0x0000000000000000 0x0000000000000000
XMM[5]=0x0000000000000000 0x0000000000000000
XMM[6]=0x0000000000000000 0x0000000000000000
XMM[7]=0x0000000000000000 0x0000000000000000
XMM[8]=0x0000000000000000 0x0000000000000000
XMM[9]=0x0000000000000000 0x0000000000000000
XMM[10]=0x0000000000000000 0x0000000000000000
XMM[11]=0x0000000000000000 0x0000000000000000
XMM[12]=0x0000000000000000 0x0000000000000000
XMM[13]=0x0000000000000000 0x0000000000000000
XMM[14]=0x0000000000000000 0x0000000000000000
XMM[15]=0x0000000000000000 0x0000000000000000
  MXCSR=0x00001fa0


Register to memory mapping:

RAX=0x0 is null
RBX=0x0 is null
RCX=0x000000a591dfbdd0 is pointing into the stack for thread: 0x00000236d6ba44e0
RDX=0x000000a591dfbdd0 is pointing into the stack for thread: 0x00000236d6ba44e0
RSP=0x000000a5922fe0c8 points into unknown readable memory: 0x00007ffb0353a6eb | eb a6 53 03 fb 7f 00 00
RBP=0x000000a5922fe2a0 points into unknown readable memory: 0x000000a500000000 | 00 00 00 00 a5 00 00 00
RSI=0x000000a5922fe470 points into unknown readable memory: 0x000000a591dfbdc8 | c8 bd df 91 a5 00 00 00
RDI=0x000000a591dfbdd0 is pointing into the stack for thread: 0x00000236d6ba44e0
R8 =0x000002371c72b44f is an unknown value
R9 =0x000000a591dfbdd0 is pointing into the stack for thread: 0x00000236d6ba44e0
R10=0x00000236838e0000 points into unknown readable memory: 0x0000000000000006 | 06 00 00 00 00 00 00 00
R11=0x000000a5922fe318 points into unknown readable memory: 0x00007ffb034f6fdd | dd 6f 4f 03 fb 7f 00 00
R12=0x000002368e5427f8 is pointing into metadata
R13=0x000000a591dfbdd0 is pointing into the stack for thread: 0x00000236d6ba44e0
R14=0x00000236d75a4d50 points into unknown readable memory: 0x00007ffb03c12068 | 68 20 c1 03 fb 7f 00 00
R15=0x000002371c72b44f is an unknown value

Top of Stack: (sp=0x000000a5922fe0c8)
0x000000a5922fe0c8:   00007ffb0353a6eb 0000000000000000
0x000000a5922fe0d8:   0000000000000004 00000236d75a4d50
0x000000a5922fe0e8:   0000000000000000 00000236d75a4ed8
0x000000a5922fe0f8:   00007ffb03508f05 00000236d71b06b8
0x000000a5922fe108:   00007ffb0397b3f1 000000000000012f
0x000000a5922fe118:   00007ffb038a03b2 00000236d71b0658
0x000000a5922fe128:   0000000000000000 000002368d833420
0x000000a5922fe138:   00000236d30aa170 000002368e5427f8
0x000000a5922fe148:   000000a591dfbdd0 000000a5922fe470
0x000000a5922fe158:   000000a5922fe2a0 00000236d71b0658
0x000000a5922fe168:   00007ffb03548d54 000000a5922fe230
0x000000a5922fe178:   000000a5922fe470 000002368e480090
0x000000a5922fe188:   0000000000000000 00000236d71b0658
0x000000a5922fe198:   00007ffb034f758b 0000000000000001
0x000000a5922fe1a8:   000002368e0b5da0 00000236d71b0658
0x000000a5922fe1b8:   000000a5922fe470 0000000f84d2db01
0x000000a5922fe1c8:   000002368e0b5da0 00000236d3673440
0x000000a5922fe1d8:   0000023600000003 00000000000003d8
0x000000a5922fe1e8:   00000236d30aa180 00000236d30aa558
0x000000a5922fe1f8:   000002368e72b44f 00000236000000b8
0x000000a5922fe208:   000002368e0b5da0 00007ffb03c095f0
0x000000a5922fe218:   000000a5922fe470 00000236d71b0658
0x000000a5922fe228:   0000000400000003 000002368e5427f8
0x000000a5922fe238:   0000001300000001 0000000000000032
0x000000a5922fe248:   000000010000000c 000002368e480090
0x000000a5922fe258:   0000000000000000 00000236dc0e67cc
0x000000a5922fe268:   0000992900000002 0000000300000001
0x000000a5922fe278:   0000ffff09b0e300 00007ffb03a40f90
0x000000a5922fe288:   00000236d71b0658 000002368e0178c8
0x000000a5922fe298:   00000006d30a0013 000000a500000000
0x000000a5922fe2a8:   0000000000000015 00000236d71b0658
0x000000a5922fe2b8:   00007ffb03548dae 0000000000000000 

Instructions: (pc=0x00007ffb031ec556)
0x00007ffb031ec456:   48 8b 05 13 69 cd 00 48 8b 48 60 48 8b 04 d1 48
0x00007ffb031ec466:   85 c0 75 08 48 8b 05 07 69 cd 00 c3 48 8b 05 f7
0x00007ffb031ec476:   68 cd 00 c3 cc cc cc cc cc cc 8b 05 b2 3b c2 00
0x00007ffb031ec486:   c3 cc cc cc cc cc cc cc cc cc 0f b6 05 d8 50 c2
0x00007ffb031ec496:   00 48 8b d1 84 c0 74 16 44 8b 41 08 8b 0d 90 3b
0x00007ffb031ec4a6:   c2 00 49 d3 e0 4c 03 05 7e 3b c2 00 eb 04 4c 8b
0x00007ffb031ec4b6:   41 08 45 8b 48 08 45 85 c9 7e 0e 41 f6 c1 01 75
0x00007ffb031ec4c6:   53 41 c1 f9 03 49 63 c1 c3 79 49 84 c0 41 b8 0c
0x00007ffb031ec4d6:   00 00 00 8b 05 c9 4c c2 00 b9 10 00 00 00 41 0f
0x00007ffb031ec4e6:   45 c8 ff c8 4c 63 c0 41 8b c1 48 c1 f8 10 0f b6
0x00007ffb031ec4f6:   c0 48 63 14 11 41 8b c9 83 e1 3f 48 d3 e2 49 8d
0x00007ffb031ec506:   0c 10 49 f7 d0 48 03 c1 49 c1 e8 03 48 c1 e8 03
0x00007ffb031ec516:   49 23 c0 c3 49 8b 00 49 8b c8 48 ff a0 00 01 00
0x00007ffb031ec526:   00 cc cc cc cc cc cc cc cc cc 8b 44 24 30 45 03
0x00007ffb031ec536:   c9 44 2b 4c 24 28 83 c0 0b 44 03 ca 45 03 c8 41
0x00007ffb031ec546:   03 c1 c3 cc cc cc cc cc cc cc 4c 8b c2 48 8b d1
0x00007ffb031ec556:   45 8b 48 08 45 85 c9 7e 0e 41 f6 c1 01 75 56 41
0x00007ffb031ec566:   c1 f9 03 49 63 c1 c3 79 4c 80 3d f9 4f c2 00 00
0x00007ffb031ec576:   b8 0c 00 00 00 b9 10 00 00 00 0f 45 c8 8b 05 1f
0x00007ffb031ec586:   4c c2 00 ff c8 4c 63 c0 41 8b c1 48 c1 f8 10 48
0x00007ffb031ec596:   63 14 11 41 8b c9 83 e1 3f 0f b6 c0 48 d3 e2 49
0x00007ffb031ec5a6:   8d 0c 10 49 f7 d0 48 03 c1 49 c1 e8 03 48 c1 e8
0x00007ffb031ec5b6:   03 49 23 c0 c3 49 8b 00 49 8b c8 48 ff a0 00 01
0x00007ffb031ec5c6:   00 00 cc cc cc cc cc cc cc cc 48 8b 41 08 0f b7
0x00007ffb031ec5d6:   48 2c 0f b7 40 2a 83 c0 48 03 c1 c3 cc cc cc cc
0x00007ffb031ec5e6:   cc cc cc cc cc cc cc cc cc cc 48 89 5c 24 08 57
0x00007ffb031ec5f6:   48 83 ec 20 0f b6 05 bf 50 cd 00 48 8b fa 48 8b
0x00007ffb031ec606:   d9 84 c0 74 4f 48 85 15 66 48 cd 00 74 38 48 8b
0x00007ffb031ec616:   ca e8 74 34 8d 00 48 8b d0 48 85 db 74 25 48 85
0x00007ffb031ec626:   c0 74 20 48 8b c7 f0 48 0f b1 13 74 16 48 85 05
0x00007ffb031ec636:   3e 48 cd 00 74 0d 48 8b c8 f0 48 0f b1 13 48 3b
0x00007ffb031ec646:   c1 75 ea 48 8b fa 48 8b c7 48 8b 5c 24 30 48 83 


Stack slot to memory mapping:

stack at sp + 0 slots: 0x00007ffb0353a6eb jvm.dll
stack at sp + 1 slots: 0x0 is null
stack at sp + 2 slots: 0x0000000000000004 is an unknown value
stack at sp + 3 slots: 0x00000236d75a4d50 points into unknown readable memory: 0x00007ffb03c12068 | 68 20 c1 03 fb 7f 00 00
stack at sp + 4 slots: 0x0 is null
stack at sp + 5 slots: 0x00000236d75a4ed8 points into unknown readable memory: 0x00007ffb03c12020 | 20 20 c1 03 fb 7f 00 00
stack at sp + 6 slots: 0x00007ffb03508f05 jvm.dll
stack at sp + 7 slots: 0x00000236d71b06b8 points into unknown readable memory: 0x00007ffb03c13d80 | 80 3d c1 03 fb 7f 00 00


---------------  P R O C E S S  ---------------

Threads class SMR info:
_java_thread_list=0x00000236d6c7b360, length=28, elements={
0x000002368d66acc0, 0x000002368d66b520, 0x000002368d66df20, 0x000002368d66fe40,
0x000002368d6704a0, 0x000002368d670c30, 0x000002368d527990, 0x000002368d7a7630,
0x000002368d82f9e0, 0x000002368d839220, 0x000002368d8398a0, 0x00000236d3733b40,
0x00000236d38deb60, 0x00000236d3901260, 0x00000236d391e4e0, 0x00000236d3d5fa50,
0x00000236d3da84c0, 0x00000236d6ba1d80, 0x00000236d6ba5200, 0x00000236d6ba1060,
0x00000236d6f179f0, 0x00000236d6f18080, 0x00000236d6ba37c0, 0x00000236d6ba44e0,
0x00000236d6ba16f0, 0x00000236d6ba2aa0, 0x00000236d6ba8680, 0x00000236d6ba7ff0
}

Java Threads: ( => current thread )
  0x000002368d66acc0 JavaThread "Reference Handler"          daemon [_thread_blocked, id=12004, stack(0x000000a591300000,0x000000a591400000) (1024K)]
  0x000002368d66b520 JavaThread "Finalizer"                  daemon [_thread_blocked, id=9984, stack(0x000000a591400000,0x000000a591500000) (1024K)]
  0x000002368d66df20 JavaThread "Signal Dispatcher"          daemon [_thread_blocked, id=10252, stack(0x000000a591500000,0x000000a591600000) (1024K)]
  0x000002368d66fe40 JavaThread "Attach Listener"            daemon [_thread_blocked, id=2032, stack(0x000000a591600000,0x000000a591700000) (1024K)]
  0x000002368d6704a0 JavaThread "Service Thread"             daemon [_thread_blocked, id=3228, stack(0x000000a591700000,0x000000a591800000) (1024K)]
  0x000002368d670c30 JavaThread "Monitor Deflation Thread"   daemon [_thread_blocked, id=3360, stack(0x000000a591800000,0x000000a591900000) (1024K)]
  0x000002368d527990 JavaThread "C1 CompilerThread0"         daemon [_thread_blocked, id=13460, stack(0x000000a591900000,0x000000a591a00000) (1024K)]
  0x000002368d7a7630 JavaThread "Common-Cleaner"             daemon [_thread_blocked, id=13736, stack(0x000000a591a00000,0x000000a591b00000) (1024K)]
  0x000002368d82f9e0 JavaThread "JDWP Transport Listener: dt_socket" daemon [_thread_blocked, id=14536, stack(0x000000a591e00000,0x000000a591f00000) (1024K)]
  0x000002368d839220 JavaThread "JDWP Event Helper Thread"   daemon [_thread_blocked, id=12696, stack(0x000000a591f00000,0x000000a592000000) (1024K)]
  0x000002368d8398a0 JavaThread "JDWP Command Reader"        daemon [_thread_in_native, id=2688, stack(0x000000a592000000,0x000000a592100000) (1024K)]
  0x00000236d3733b40 JavaThread "Notification Thread"        daemon [_thread_blocked, id=14436, stack(0x000000a592600000,0x000000a592700000) (1024K)]
  0x00000236d38deb60 JavaThread "RMI TCP Accept-0"           daemon [_thread_in_native, id=10804, stack(0x000000a592700000,0x000000a592800000) (1024K)]
  0x00000236d3901260 JavaThread "RMI TCP Accept-50636"       daemon [_thread_in_native, id=13980, stack(0x000000a592a00000,0x000000a592b00000) (1024K)]
  0x00000236d391e4e0 JavaThread "RMI TCP Accept-0"           daemon [_thread_in_native, id=18072, stack(0x000000a592b00000,0x000000a592c00000) (1024K)]
  0x00000236d3d5fa50 JavaThread "RMI Scheduler(0)"           daemon [_thread_blocked, id=11356, stack(0x000000a592f00000,0x000000a593000000) (1024K)]
  0x00000236d3da84c0 JavaThread "JMX server connection timeout 41" daemon [_thread_blocked, id=13936, stack(0x000000a593100000,0x000000a593200000) (1024K)]
  0x00000236d6ba1d80 JavaThread "Live Reload Server"         daemon [_thread_in_native, id=12688, stack(0x000000a593c00000,0x000000a593d00000) (1024K)]
  0x00000236d6ba5200 JavaThread "DestroyJavaVM"                     [_thread_blocked, id=12412, stack(0x000000a590b00000,0x000000a590c00000) (1024K)]
  0x00000236d6ba1060 JavaThread "RMI TCP Connection(idle)"   daemon [_thread_blocked, id=17920, stack(0x000000a594800000,0x000000a594900000) (1024K)]
  0x00000236d6f179f0 JavaThread "File Watcher"               daemon [_thread_blocked, id=6496, stack(0x000000a590900000,0x000000a590a00000) (1024K)]
  0x00000236d6f18080 JavaThread "PostgreSQL-JDBC-Cleaner"    daemon [_thread_blocked, id=16484, stack(0x000000a591b00000,0x000000a591c00000) (1024K)]
  0x00000236d6ba37c0 JavaThread "Thread-26"                         [_thread_blocked, id=14516, stack(0x000000a590800000,0x000000a590900000) (1024K)]
  0x00000236d6ba44e0 JavaThread "restartedMain"                     [_thread_blocked, id=11796, stack(0x000000a591d00000,0x000000a591e00000) (1024K)]
  0x00000236d6ba16f0 JavaThread "HikariPool-8:housekeeper"   daemon [_thread_blocked, id=14488, stack(0x000000a592e00000,0x000000a592f00000) (1024K)]
  0x00000236d6ba2aa0 JavaThread "Catalina-utility-1"                [_thread_blocked, id=9172, stack(0x000000a593200000,0x000000a593300000) (1024K)]
  0x00000236d6ba8680 JavaThread "Catalina-utility-2"                [_thread_blocked, id=10560, stack(0x000000a593400000,0x000000a593500000) (1024K)]
  0x00000236d6ba7ff0 JavaThread "container-1"                       [_thread_blocked, id=8152, stack(0x000000a593500000,0x000000a593600000) (1024K)]
Total: 28

Other Threads:
  0x000002368d4fb990 VMThread "VM Thread"                           [id=15880, stack(0x000000a591200000,0x000000a591300000) (1024K)]
  0x000002368d4ebfd0 WatcherThread "VM Periodic Task Thread"        [id=14456, stack(0x000000a591100000,0x000000a591200000) (1024K)]
  0x00000236ff1f74e0 WorkerThread "GC Thread#0"                     [id=11748, stack(0x000000a590c00000,0x000000a590d00000) (1024K)]
  0x00000236d36730a0 WorkerThread "GC Thread#1"                     [id=12992, stack(0x000000a592100000,0x000000a592200000) (1024K)]
=>0x00000236d3673440 WorkerThread "GC Thread#2"                     [id=7516, stack(0x000000a592200000,0x000000a592300000) (1024K)]
  0x00000236d36737e0 WorkerThread "GC Thread#3"                     [id=9100, stack(0x000000a592300000,0x000000a592400000) (1024K)]
  0x00000236d3677b90 WorkerThread "GC Thread#4"                     [id=11828, stack(0x000000a592400000,0x000000a592500000) (1024K)]
  0x00000236d3677f30 WorkerThread "GC Thread#5"                     [id=9256, stack(0x000000a592500000,0x000000a592600000) (1024K)]
  0x00000236d38f77e0 WorkerThread "GC Thread#6"                     [id=8828, stack(0x000000a592800000,0x000000a592900000) (1024K)]
  0x00000236d38f7b80 WorkerThread "GC Thread#7"                     [id=13420, stack(0x000000a592900000,0x000000a592a00000) (1024K)]
  0x00000236ff208a10 ConcurrentGCThread "G1 Main Marker"            [id=9892, stack(0x000000a590d00000,0x000000a590e00000) (1024K)]
  0x00000236ff2104c0 WorkerThread "G1 Conc#0"                       [id=11596, stack(0x000000a590e00000,0x000000a590f00000) (1024K)]
  0x00000236d3d23160 WorkerThread "G1 Conc#1"                       [id=11884, stack(0x000000a593300000,0x000000a593400000) (1024K)]
  0x000002368d3bd8c0 ConcurrentGCThread "G1 Refine#0"               [id=11284, stack(0x000000a590f00000,0x000000a591000000) (1024K)]
  0x000002368d3bddf0 ConcurrentGCThread "G1 Service"                [id=1656, stack(0x000000a591000000,0x000000a591100000) (1024K)]
Total: 15

Threads with active compile tasks:
Total: 0

VM state: at safepoint (normal execution)

VM Mutex/Monitor currently owned by a thread:  ([mutex/lock_event])
[0x00007ffb03e95458] Threads_lock - owner thread: 0x000002368d4fb990
[0x00007ffb03e95558] Heap_lock - owner thread: 0x000002368d82f9e0

Heap address: 0x0000000703200000, size: 4046 MB, Compressed Oops mode: Zero based, Oop shift amount: 3

CDS archive(s) mapped at: [0x000002368e000000-0x000002368ec80000-0x000002368ec80000), size 13107200, SharedBaseAddress: 0x000002368e000000, ArchiveRelocationMode: 1.
Compressed class space mapped at: 0x000002368f000000-0x00000236cf000000, reserved size: 1073741824
Narrow klass base: 0x000002368e000000, Narrow klass shift: 0, Narrow klass range: 0x100000000

GC Precious Log:
 CardTable entry size: 512
 Card Set container configuration: InlinePtr #cards 4 size 8 Array Of Cards #cards 16 size 48 Howl #buckets 8 coarsen threshold 3686 Howl Bitmap #cards 512 size 80 coarsen threshold 460 Card regions per heap region 1 cards per card region 4096
 CPUs: 8 total, 8 available
 Memory: 16178M
 Large Page Support: Disabled
 NUMA Support: Disabled
 Compressed Oops: Enabled (Zero based)
 Heap Region Size: 2M
 Heap Min Capacity: 8M
 Heap Initial Capacity: 254M
 Heap Max Capacity: 4046M
 Pre-touch: Disabled
 Parallel Workers: 8
 Concurrent Workers: 2
 Concurrent Refinement Workers: 8
 Periodic GC: Disabled

Heap:
 garbage-first heap   total 163840K, used 139217K [0x0000000703200000, 0x0000000800000000)
  region size 2048K, 43 young (88064K), 1 survivors (2048K)
 Metaspace       used 95193K, committed 96448K, reserved 1179648K
  class space    used 13117K, committed 13760K, reserved 1048576K

Heap Regions: E=young(eden), S=young(survivor), O=old, HS=humongous(starts), HC=humongous(continues), CS=collection set, F=free, TAMS=top-at-mark-start, PB=parsable bottom
|   0|0x0000000703200000, 0x00000007033fffd8, 0x0000000703400000| 99%| O|  |TAMS 0x0000000703200000| PB 0x0000000703200000| Untracked 
|   1|0x0000000703400000, 0x0000000703600000, 0x0000000703600000|100%| O|  |TAMS 0x0000000703400000| PB 0x0000000703400000| Untracked 
|   2|0x0000000703600000, 0x00000007037fffc0, 0x0000000703800000| 99%| O|  |TAMS 0x0000000703600000| PB 0x0000000703600000| Untracked 
|   3|0x0000000703800000, 0x0000000703a00000, 0x0000000703a00000|100%| O|  |TAMS 0x0000000703800000| PB 0x0000000703800000| Untracked 
|   4|0x0000000703a00000, 0x0000000703c00000, 0x0000000703c00000|100%| O|  |TAMS 0x0000000703a00000| PB 0x0000000703a00000| Untracked 
|   5|0x0000000703c00000, 0x0000000703e00000, 0x0000000703e00000|100%| O|  |TAMS 0x0000000703c00000| PB 0x0000000703c00000| Untracked 
|   6|0x0000000703e00000, 0x0000000703fffff0, 0x0000000704000000| 99%| O|  |TAMS 0x0000000703e00000| PB 0x0000000703e00000| Untracked 
|   7|0x0000000704000000, 0x0000000704200000, 0x0000000704200000|100%| O|  |TAMS 0x0000000704000000| PB 0x0000000704000000| Untracked 
|   8|0x0000000704200000, 0x00000007043fffd0, 0x0000000704400000| 99%| O|  |TAMS 0x0000000704200000| PB 0x0000000704200000| Untracked 
|   9|0x0000000704400000, 0x00000007045ffff8, 0x0000000704600000| 99%| O|  |TAMS 0x0000000704400000| PB 0x0000000704400000| Untracked 
|  10|0x0000000704600000, 0x00000007047ffff8, 0x0000000704800000| 99%| O|  |TAMS 0x0000000704600000| PB 0x0000000704600000| Untracked 
|  11|0x0000000704800000, 0x00000007049fffa0, 0x0000000704a00000| 99%| O|  |TAMS 0x0000000704800000| PB 0x0000000704800000| Untracked 
|  12|0x0000000704a00000, 0x0000000704bffff8, 0x0000000704c00000| 99%| O|  |TAMS 0x0000000704a00000| PB 0x0000000704a00000| Untracked 
|  13|0x0000000704c00000, 0x0000000704dfffc0, 0x0000000704e00000| 99%| O|  |TAMS 0x0000000704c00000| PB 0x0000000704c00000| Untracked 
|  14|0x0000000704e00000, 0x0000000704ffa860, 0x0000000705000000| 98%| O|  |TAMS 0x0000000704e00000| PB 0x0000000704e00000| Untracked 
|  15|0x0000000705000000, 0x00000007051ffff8, 0x0000000705200000| 99%| O|  |TAMS 0x0000000705000000| PB 0x0000000705000000| Untracked 
|  16|0x0000000705200000, 0x0000000705400000, 0x0000000705400000|100%| O|  |TAMS 0x0000000705200000| PB 0x0000000705200000| Untracked 
|  17|0x0000000705400000, 0x00000007055db6d0, 0x0000000705600000| 92%| O|  |TAMS 0x0000000705400000| PB 0x0000000705400000| Untracked 
|  18|0x0000000705600000, 0x00000007057258b8, 0x0000000705800000| 57%| O|  |TAMS 0x0000000705600000| PB 0x0000000705600000| Untracked 
|  19|0x0000000705800000, 0x00000007059fff78, 0x0000000705a00000| 99%| O|  |TAMS 0x0000000705800000| PB 0x0000000705800000| Untracked 
|  20|0x0000000705a00000, 0x0000000705c00000, 0x0000000705c00000|100%| O|  |TAMS 0x0000000705a00000| PB 0x0000000705a00000| Untracked 
|  21|0x0000000705c00000, 0x0000000705e00000, 0x0000000705e00000|100%| O|  |TAMS 0x0000000705c00000| PB 0x0000000705c00000| Untracked 
|  22|0x0000000705e00000, 0x0000000705f68e90, 0x0000000706000000| 70%| O|  |TAMS 0x0000000705e00000| PB 0x0000000705e00000| Untracked 
|  23|0x0000000706000000, 0x0000000706200000, 0x0000000706200000|100%| O|  |TAMS 0x0000000706000000| PB 0x0000000706000000| Untracked 
|  24|0x0000000706200000, 0x0000000706400000, 0x0000000706400000|100%| O|  |TAMS 0x0000000706200000| PB 0x0000000706200000| Untracked 
|  25|0x0000000706400000, 0x000000070640e560, 0x0000000706600000|  2%| O|Cm|TAMS 0x0000000706400000| PB 0x0000000706400000| Complete 
|  26|0x0000000706600000, 0x000000070664e4e0, 0x0000000706800000| 15%| E|CS|TAMS 0x0000000706600000| PB 0x0000000706600000| Complete 
|  27|0x0000000706800000, 0x00000007069335f8, 0x0000000706a00000| 60%| O|  |TAMS 0x0000000706800000| PB 0x0000000706800000| Untracked 
|  28|0x0000000706a00000, 0x0000000706c00000, 0x0000000706c00000|100%| E|CS|TAMS 0x0000000706a00000| PB 0x0000000706a00000| Complete 
|  29|0x0000000706c00000, 0x0000000706e00000, 0x0000000706e00000|100%| E|CS|TAMS 0x0000000706c00000| PB 0x0000000706c00000| Complete 
|  30|0x0000000706e00000, 0x0000000707000000, 0x0000000707000000|100%| E|CS|TAMS 0x0000000706e00000| PB 0x0000000706e00000| Complete 
|  31|0x0000000707000000, 0x0000000707200000, 0x0000000707200000|100%| E|CS|TAMS 0x0000000707000000| PB 0x0000000707000000| Complete 
|  32|0x0000000707200000, 0x0000000707383000, 0x0000000707400000| 75%| O|  |TAMS 0x0000000707200000| PB 0x0000000707200000| Untracked 
|  33|0x0000000707400000, 0x0000000707400000, 0x0000000707600000|  0%| F|  |TAMS 0x0000000707400000| PB 0x0000000707400000| Untracked 
|  34|0x0000000707600000, 0x0000000707600000, 0x0000000707800000|  0%| F|  |TAMS 0x0000000707600000| PB 0x0000000707600000| Untracked 
|  35|0x0000000707800000, 0x0000000707800000, 0x0000000707a00000|  0%| F|  |TAMS 0x0000000707800000| PB 0x0000000707800000| Untracked 
|  36|0x0000000707a00000, 0x0000000707a00000, 0x0000000707c00000|  0%| F|  |TAMS 0x0000000707a00000| PB 0x0000000707a00000| Untracked 
|  37|0x0000000707c00000, 0x0000000707dff6e0, 0x0000000707e00000| 99%| S|  |TAMS 0x0000000707c00000| PB 0x0000000707c00000| Complete 
|  38|0x0000000707e00000, 0x0000000708000000, 0x0000000708000000|100%| E|CS|TAMS 0x0000000707e00000| PB 0x0000000707e00000| Complete 
|  39|0x0000000708000000, 0x0000000708200000, 0x0000000708200000|100%| E|CS|TAMS 0x0000000708000000| PB 0x0000000708000000| Complete 
|  40|0x0000000708200000, 0x0000000708400000, 0x0000000708400000|100%| E|CS|TAMS 0x0000000708200000| PB 0x0000000708200000| Complete 
|  41|0x0000000708400000, 0x0000000708600000, 0x0000000708600000|100%| E|CS|TAMS 0x0000000708400000| PB 0x0000000708400000| Complete 
|  42|0x0000000708600000, 0x0000000708800000, 0x0000000708800000|100%| E|CS|TAMS 0x0000000708600000| PB 0x0000000708600000| Complete 
|  43|0x0000000708800000, 0x0000000708a00000, 0x0000000708a00000|100%| E|CS|TAMS 0x0000000708800000| PB 0x0000000708800000| Complete 
|  44|0x0000000708a00000, 0x0000000708c00000, 0x0000000708c00000|100%| E|CS|TAMS 0x0000000708a00000| PB 0x0000000708a00000| Complete 
|  45|0x0000000708c00000, 0x0000000708e00000, 0x0000000708e00000|100%| E|CS|TAMS 0x0000000708c00000| PB 0x0000000708c00000| Complete 
|  46|0x0000000708e00000, 0x0000000709000000, 0x0000000709000000|100%| E|CS|TAMS 0x0000000708e00000| PB 0x0000000708e00000| Complete 
|  47|0x0000000709000000, 0x0000000709200000, 0x0000000709200000|100%| E|CS|TAMS 0x0000000709000000| PB 0x0000000709000000| Complete 
|  48|0x0000000709200000, 0x0000000709400000, 0x0000000709400000|100%| E|CS|TAMS 0x0000000709200000| PB 0x0000000709200000| Complete 
|  49|0x0000000709400000, 0x0000000709600000, 0x0000000709600000|100%| E|CS|TAMS 0x0000000709400000| PB 0x0000000709400000| Complete 
|  50|0x0000000709600000, 0x0000000709800000, 0x0000000709800000|100%| E|CS|TAMS 0x0000000709600000| PB 0x0000000709600000| Complete 
|  51|0x0000000709800000, 0x0000000709a00000, 0x0000000709a00000|100%| E|CS|TAMS 0x0000000709800000| PB 0x0000000709800000| Complete 
|  52|0x0000000709a00000, 0x0000000709c00000, 0x0000000709c00000|100%| E|CS|TAMS 0x0000000709a00000| PB 0x0000000709a00000| Complete 
|  53|0x0000000709c00000, 0x0000000709e00000, 0x0000000709e00000|100%| E|CS|TAMS 0x0000000709c00000| PB 0x0000000709c00000| Complete 
|  54|0x0000000709e00000, 0x000000070a000000, 0x000000070a000000|100%| E|CS|TAMS 0x0000000709e00000| PB 0x0000000709e00000| Complete 
|  55|0x000000070a000000, 0x000000070a200000, 0x000000070a200000|100%| E|CS|TAMS 0x000000070a000000| PB 0x000000070a000000| Complete 
|  56|0x000000070a200000, 0x000000070a400000, 0x000000070a400000|100%| E|CS|TAMS 0x000000070a200000| PB 0x000000070a200000| Complete 
|  57|0x000000070a400000, 0x000000070a600000, 0x000000070a600000|100%| E|CS|TAMS 0x000000070a400000| PB 0x000000070a400000| Complete 
|  58|0x000000070a600000, 0x000000070a800000, 0x000000070a800000|100%| E|CS|TAMS 0x000000070a600000| PB 0x000000070a600000| Complete 
|  59|0x000000070a800000, 0x000000070aa00000, 0x000000070aa00000|100%| E|CS|TAMS 0x000000070a800000| PB 0x000000070a800000| Complete 
|  60|0x000000070aa00000, 0x000000070ac00000, 0x000000070ac00000|100%| E|CS|TAMS 0x000000070aa00000| PB 0x000000070aa00000| Complete 
|  61|0x000000070ac00000, 0x000000070ae00000, 0x000000070ae00000|100%| E|CS|TAMS 0x000000070ac00000| PB 0x000000070ac00000| Complete 
|  62|0x000000070ae00000, 0x000000070b000000, 0x000000070b000000|100%| E|CS|TAMS 0x000000070ae00000| PB 0x000000070ae00000| Complete 
|  63|0x000000070b000000, 0x000000070b200000, 0x000000070b200000|100%| E|CS|TAMS 0x000000070b000000| PB 0x000000070b000000| Complete 
|  64|0x000000070b200000, 0x000000070b400000, 0x000000070b400000|100%| E|CS|TAMS 0x000000070b200000| PB 0x000000070b200000| Complete 
|  65|0x000000070b400000, 0x000000070b600000, 0x000000070b600000|100%| E|CS|TAMS 0x000000070b400000| PB 0x000000070b400000| Complete 
|  66|0x000000070b600000, 0x000000070b800000, 0x000000070b800000|100%| E|CS|TAMS 0x000000070b600000| PB 0x000000070b600000| Complete 
|  67|0x000000070b800000, 0x000000070ba00000, 0x000000070ba00000|100%| E|CS|TAMS 0x000000070b800000| PB 0x000000070b800000| Complete 
|  68|0x000000070ba00000, 0x000000070bc00000, 0x000000070bc00000|100%| E|CS|TAMS 0x000000070ba00000| PB 0x000000070ba00000| Complete 
|  69|0x000000070bc00000, 0x000000070be00000, 0x000000070be00000|100%| E|CS|TAMS 0x000000070bc00000| PB 0x000000070bc00000| Complete 
|  70|0x000000070be00000, 0x000000070c000000, 0x000000070c000000|100%| E|CS|TAMS 0x000000070be00000| PB 0x000000070be00000| Complete 
|  71|0x000000070c000000, 0x000000070c200000, 0x000000070c200000|100%| E|CS|TAMS 0x000000070c000000| PB 0x000000070c000000| Complete 
|  72|0x000000070c200000, 0x000000070c400000, 0x000000070c400000|100%| E|CS|TAMS 0x000000070c200000| PB 0x000000070c200000| Complete 
|  73|0x000000070c400000, 0x000000070c600000, 0x000000070c600000|100%| E|CS|TAMS 0x000000070c400000| PB 0x000000070c400000| Complete 
|  74|0x000000070c600000, 0x000000070c800000, 0x000000070c800000|100%| E|CS|TAMS 0x000000070c600000| PB 0x000000070c600000| Complete 
|  75|0x000000070c800000, 0x000000070ca00000, 0x000000070ca00000|100%| E|CS|TAMS 0x000000070c800000| PB 0x000000070c800000| Complete 
|  76|0x000000070ca00000, 0x000000070cc00000, 0x000000070cc00000|100%| E|CS|TAMS 0x000000070ca00000| PB 0x000000070ca00000| Complete 
|  77|0x000000070cc00000, 0x000000070ce00000, 0x000000070ce00000|100%| E|CS|TAMS 0x000000070cc00000| PB 0x000000070cc00000| Complete 
|  78|0x000000070ce00000, 0x000000070d000000, 0x000000070d000000|100%| E|CS|TAMS 0x000000070ce00000| PB 0x000000070ce00000| Complete 
|  79|0x000000070d000000, 0x000000070d200000, 0x000000070d200000|100%| E|CS|TAMS 0x000000070d000000| PB 0x000000070d000000| Complete 

Card table byte_map: [0x00000236868e0000,0x00000236870d0000] _byte_map_base: 0x00000236830c7000

Marking Bits: (CMBitMap*) 0x00000236ff1f8300
 Bits: [0x00000236870d0000, 0x000002368b008000)

Polling page: 0x00000236fd110000

Metaspace:

Usage:
  Non-class:     80.15 MB used.
      Class:     12.81 MB used.
       Both:     92.96 MB used.

Virtual space:
  Non-class space:      128.00 MB reserved,      80.75 MB ( 63%) committed,  2 nodes.
      Class space:        1.00 GB reserved,      13.44 MB (  1%) committed,  1 nodes.
             Both:        1.12 GB reserved,      94.19 MB (  8%) committed. 

Chunk freelists:
   Non-Class:  15.06 MB
       Class:  2.66 MB
        Both:  17.72 MB

MaxMetaspaceSize: unlimited
CompressedClassSpaceSize: 1.00 GB
Initial GC threshold: 21.00 MB
Current GC threshold: 156.81 MB
CDS: on
 - commit_granule_bytes: 65536.
 - commit_granule_words: 8192.
 - virtual_space_node_default_size: 8388608.
 - enlarge_chunks_in_place: 1.
 - use_allocation_guard: 0.


Internal statistics:

num_allocs_failed_limit: 9.
num_arena_births: 3298.
num_arena_deaths: 2074.
num_vsnodes_births: 3.
num_vsnodes_deaths: 0.
num_space_committed: 1507.
num_space_uncommitted: 0.
num_chunks_returned_to_freelist: 2566.
num_chunks_taken_from_freelist: 7787.
num_chunk_merges: 815.
num_chunk_splits: 4792.
num_chunks_enlarged: 3307.
num_inconsistent_stats: 0.

CodeCache: size=49152Kb used=19018Kb max_used=25556Kb free=30133Kb
 bounds [0x00000236838e0000, 0x0000023685270000, 0x00000236868e0000]
 total_blobs=9829, nmethods=8972, adapters=779, full_count=0
Compilation: enabled, stopped_count=0, restarted_count=0

Compilation events (20 events):
Event: 1149.041 Thread 0x000002368d527990 nmethod 17152 0x0000023683fc7a90 code [0x0000023683fc7c40, 0x0000023683fc7e98]
Event: 1149.041 Thread 0x00000236d7241970 nmethod 17154 0x0000023683a85190 code [0x0000023683a85320, 0x0000023683a853e0]
Event: 1149.041 Thread 0x000002368d527990 17155       1       org.springframework.cglib.transform.impl.UndeclaredThrowableTransformer::begin_method (42 bytes)
Event: 1149.041 Thread 0x00000236d7658960 nmethod 17151 0x0000023683d97f10 code [0x0000023683d98100, 0x0000023683d98758]
Event: 1149.041 Thread 0x000002368d527990 nmethod 17155 0x0000023683aa0290 code [0x0000023683aa0460, 0x0000023683aa06e8]
Event: 1149.042 Thread 0x00000236d38fdd40 nmethod 17150 0x00000236847d9e10 code [0x00000236847da100, 0x00000236847da9c0]
Event: 1149.043 Thread 0x00000236d38fdd40 17156       1       jdk.internal.reflect.AccessorGenerator::add (5 bytes)
Event: 1149.043 Thread 0x000002368d527990 17157       1       jdk.internal.reflect.ClassFileAssembler::getMaxLocals (6 bytes)
Event: 1149.043 Thread 0x00000236d38fdd40 nmethod 17156 0x0000023683a93290 code [0x0000023683a93420, 0x0000023683a934d8]
Event: 1149.043 Thread 0x000002368d527990 nmethod 17157 0x0000023683a93890 code [0x0000023683a93a20, 0x0000023683a93af0]
Event: 1201.664 Thread 0x000002368d527990 17158       1       java.net.Socket::isConnected (12 bytes)
Event: 1201.664 Thread 0x000002368d527990 nmethod 17158 0x0000023683a93e90 code [0x0000023683a94020, 0x0000023683a940d8]
Event: 1208.668 Thread 0x000002368d527990 17159       1       com.zaxxer.hikari.HikariConfig::getMaximumPoolSize (5 bytes)
Event: 1208.668 Thread 0x000002368d527990 nmethod 17159 0x0000023683a95990 code [0x0000023683a95b20, 0x0000023683a95be8]
Event: 1339.131 Thread 0x000002368d527990 17160       1       org.apache.catalina.loader.WebappLoader::getContext (5 bytes)
Event: 1339.131 Thread 0x000002368d527990 nmethod 17160 0x0000023683a97290 code [0x0000023683a97420, 0x0000023683a974f0]
Event: 1339.131 Thread 0x000002368d527990 17161       1       org.apache.catalina.core.StandardContext::getReloadable (5 bytes)
Event: 1339.131 Thread 0x000002368d527990 nmethod 17161 0x0000023683a9a290 code [0x0000023683a9a420, 0x0000023683a9a4f0]
Event: 1339.131 Thread 0x000002368d527990 17162       1       org.apache.catalina.core.StandardWrapper::getServlet (5 bytes)
Event: 1339.132 Thread 0x000002368d527990 nmethod 17162 0x0000023683a9bb90 code [0x0000023683a9bd20, 0x0000023683a9bdf0]

GC Heap History (20 events):
Event: 209.222 GC heap after
{Heap after GC invocations=51 (full 5):
 garbage-first heap   total 190464K, used 56676K [0x0000000703200000, 0x0000000800000000)
  region size 2048K, 3 young (6144K), 3 survivors (6144K)
 Metaspace       used 94304K, committed 95424K, reserved 1179648K
  class space    used 13141K, committed 13632K, reserved 1048576K
}
Event: 212.836 GC heap before
{Heap before GC invocations=52 (full 5):
 garbage-first heap   total 190464K, used 161124K [0x0000000703200000, 0x0000000800000000)
  region size 2048K, 54 young (110592K), 3 survivors (6144K)
 Metaspace       used 95080K, committed 96320K, reserved 1179648K
  class space    used 13202K, committed 13760K, reserved 1048576K
}
Event: 212.844 GC heap after
{Heap after GC invocations=53 (full 5):
 garbage-first heap   total 190464K, used 61065K [0x0000000703200000, 0x0000000800000000)
  region size 2048K, 5 young (10240K), 5 survivors (10240K)
 Metaspace       used 95080K, committed 96320K, reserved 1179648K
  class space    used 13202K, committed 13760K, reserved 1048576K
}
Event: 336.970 GC heap before
{Heap before GC invocations=53 (full 5):
 garbage-first heap   total 190464K, used 161417K [0x0000000703200000, 0x0000000800000000)
  region size 2048K, 54 young (110592K), 5 survivors (10240K)
 Metaspace       used 95095K, committed 96320K, reserved 1179648K
  class space    used 13204K, committed 13760K, reserved 1048576K
}
Event: 336.976 GC heap after
{Heap after GC invocations=54 (full 5):
 garbage-first heap   total 190464K, used 61514K [0x0000000703200000, 0x0000000800000000)
  region size 2048K, 4 young (8192K), 4 survivors (8192K)
 Metaspace       used 95095K, committed 96320K, reserved 1179648K
  class space    used 13204K, committed 13760K, reserved 1048576K
}
Event: 485.435 GC heap before
{Heap before GC invocations=54 (full 5):
 garbage-first heap   total 190464K, used 161866K [0x0000000703200000, 0x0000000800000000)
  region size 2048K, 53 young (108544K), 4 survivors (8192K)
 Metaspace       used 95095K, committed 96320K, reserved 1179648K
  class space    used 13204K, committed 13760K, reserved 1048576K
}
Event: 485.440 GC heap after
{Heap after GC invocations=55 (full 5):
 garbage-first heap   total 190464K, used 60614K [0x0000000703200000, 0x0000000800000000)
  region size 2048K, 3 young (6144K), 3 survivors (6144K)
 Metaspace       used 95095K, committed 96320K, reserved 1179648K
  class space    used 13204K, committed 13760K, reserved 1048576K
}
Event: 638.407 GC heap before
{Heap before GC invocations=56 (full 5):
 garbage-first heap   total 190464K, used 165062K [0x0000000703200000, 0x0000000800000000)
  region size 2048K, 54 young (110592K), 3 survivors (6144K)
 Metaspace       used 94336K, committed 96320K, reserved 1179648K
  class space    used 13021K, committed 13760K, reserved 1048576K
}
Event: 638.412 GC heap after
{Heap after GC invocations=57 (full 5):
 garbage-first heap   total 190464K, used 60544K [0x0000000703200000, 0x0000000800000000)
  region size 2048K, 3 young (6144K), 3 survivors (6144K)
 Metaspace       used 94336K, committed 96320K, reserved 1179648K
  class space    used 13021K, committed 13760K, reserved 1048576K
}
Event: 790.035 GC heap before
{Heap before GC invocations=57 (full 5):
 garbage-first heap   total 190464K, used 164992K [0x0000000703200000, 0x0000000800000000)
  region size 2048K, 54 young (110592K), 3 survivors (6144K)
 Metaspace       used 94338K, committed 96320K, reserved 1179648K
  class space    used 13021K, committed 13760K, reserved 1048576K
}
Event: 790.039 GC heap after
{Heap after GC invocations=58 (full 5):
 garbage-first heap   total 190464K, used 58884K [0x0000000703200000, 0x0000000800000000)
  region size 2048K, 3 young (6144K), 3 survivors (6144K)
 Metaspace       used 94338K, committed 96320K, reserved 1179648K
  class space    used 13021K, committed 13760K, reserved 1048576K
}
Event: 944.958 GC heap before
{Heap before GC invocations=58 (full 5):
 garbage-first heap   total 190464K, used 165380K [0x0000000703200000, 0x0000000800000000)
  region size 2048K, 55 young (112640K), 3 survivors (6144K)
 Metaspace       used 94357K, committed 96320K, reserved 1179648K
  class space    used 13025K, committed 13760K, reserved 1048576K
}
Event: 944.962 GC heap after
{Heap after GC invocations=59 (full 5):
 garbage-first heap   total 190464K, used 58704K [0x0000000703200000, 0x0000000800000000)
  region size 2048K, 3 young (6144K), 3 survivors (6144K)
 Metaspace       used 94357K, committed 96320K, reserved 1179648K
  class space    used 13025K, committed 13760K, reserved 1048576K
}
Event: 1099.992 GC heap before
{Heap before GC invocations=60 (full 5):
 garbage-first heap   total 190464K, used 165200K [0x0000000703200000, 0x0000000800000000)
  region size 2048K, 55 young (112640K), 3 survivors (6144K)
 Metaspace       used 94325K, committed 96320K, reserved 1179648K
  class space    used 13017K, committed 13760K, reserved 1048576K
}
Event: 1099.996 GC heap after
{Heap after GC invocations=61 (full 5):
 garbage-first heap   total 190464K, used 58432K [0x0000000703200000, 0x0000000800000000)
  region size 2048K, 3 young (6144K), 3 survivors (6144K)
 Metaspace       used 94325K, committed 96320K, reserved 1179648K
  class space    used 13017K, committed 13760K, reserved 1048576K
}
Event: 1147.180 GC heap before
{Heap before GC invocations=61 (full 5):
 garbage-first heap   total 190464K, used 93248K [0x0000000703200000, 0x0000000800000000)
  region size 2048K, 21 young (43008K), 3 survivors (6144K)
 Metaspace       used 94343K, committed 96320K, reserved 1179648K
  class space    used 13021K, committed 13760K, reserved 1048576K
}
Event: 1147.263 GC heap after
{Heap after GC invocations=62 (full 6):
 garbage-first heap   total 163840K, used 44695K [0x0000000703200000, 0x0000000800000000)
  region size 2048K, 0 young (0K), 0 survivors (0K)
 Metaspace       used 94214K, committed 96320K, reserved 1179648K
  class space    used 12997K, committed 13760K, reserved 1048576K
}
Event: 1148.831 GC heap before
{Heap before GC invocations=62 (full 6):
 garbage-first heap   total 163840K, used 140951K [0x0000000703200000, 0x0000000800000000)
  region size 2048K, 48 young (98304K), 0 survivors (0K)
 Metaspace       used 94942K, committed 96320K, reserved 1179648K
  class space    used 13098K, committed 13760K, reserved 1048576K
}
Event: 1148.839 GC heap after
{Heap after GC invocations=63 (full 6):
 garbage-first heap   total 163840K, used 53201K [0x0000000703200000, 0x0000000800000000)
  region size 2048K, 5 young (10240K), 5 survivors (10240K)
 Metaspace       used 94942K, committed 96320K, reserved 1179648K
  class space    used 13098K, committed 13760K, reserved 1048576K
}
Event: 1341.268 GC heap before
{Heap before GC invocations=64 (full 6):
 garbage-first heap   total 163840K, used 139217K [0x0000000703200000, 0x0000000800000000)
  region size 2048K, 47 young (96256K), 5 survivors (10240K)
 Metaspace       used 95193K, committed 96448K, reserved 1179648K
  class space    used 13117K, committed 13760K, reserved 1048576K
}

Dll operation events (12 events):
Event: 0.023 Loaded shared library D:\project\dev_boot_project\sts-4.32.0.RELEASE\plugins\org.eclipse.justj.openjdk.hotspot.jre.full.win32.x86_64_21.0.8.v20250724-1412\jre\bin\java.dll
Event: 0.064 Loaded shared library D:\project\dev_boot_project\sts-4.32.0.RELEASE\plugins\org.eclipse.justj.openjdk.hotspot.jre.full.win32.x86_64_21.0.8.v20250724-1412\jre\bin\zip.dll
Event: 0.382 Loaded shared library D:\project\dev_boot_project\sts-4.32.0.RELEASE\plugins\org.eclipse.justj.openjdk.hotspot.jre.full.win32.x86_64_21.0.8.v20250724-1412\jre\bin\instrument.dll
Event: 0.389 Loaded shared library D:\project\dev_boot_project\sts-4.32.0.RELEASE\plugins\org.eclipse.justj.openjdk.hotspot.jre.full.win32.x86_64_21.0.8.v20250724-1412\jre\bin\net.dll
Event: 0.391 Loaded shared library D:\project\dev_boot_project\sts-4.32.0.RELEASE\plugins\org.eclipse.justj.openjdk.hotspot.jre.full.win32.x86_64_21.0.8.v20250724-1412\jre\bin\nio.dll
Event: 0.396 Loaded shared library D:\project\dev_boot_project\sts-4.32.0.RELEASE\plugins\org.eclipse.justj.openjdk.hotspot.jre.full.win32.x86_64_21.0.8.v20250724-1412\jre\bin\zip.dll
Event: 0.701 Loaded shared library D:\project\dev_boot_project\sts-4.32.0.RELEASE\plugins\org.eclipse.justj.openjdk.hotspot.jre.full.win32.x86_64_21.0.8.v20250724-1412\jre\bin\jimage.dll
Event: 0.759 Loaded shared library D:\project\dev_boot_project\sts-4.32.0.RELEASE\plugins\org.eclipse.justj.openjdk.hotspot.jre.full.win32.x86_64_21.0.8.v20250724-1412\jre\bin\management.dll
Event: 0.771 Loaded shared library D:\project\dev_boot_project\sts-4.32.0.RELEASE\plugins\org.eclipse.justj.openjdk.hotspot.jre.full.win32.x86_64_21.0.8.v20250724-1412\jre\bin\management_ext.dll
Event: 0.955 Loaded shared library D:\project\dev_boot_project\sts-4.32.0.RELEASE\plugins\org.eclipse.justj.openjdk.hotspot.jre.full.win32.x86_64_21.0.8.v20250724-1412\jre\bin\verify.dll
Event: 1.049 Loaded shared library D:\project\dev_boot_project\sts-4.32.0.RELEASE\plugins\org.eclipse.justj.openjdk.hotspot.jre.full.win32.x86_64_21.0.8.v20250724-1412\jre\bin\extnet.dll
Event: 2.776 Loaded shared library D:\project\dev_boot_project\sts-4.32.0.RELEASE\plugins\org.eclipse.justj.openjdk.hotspot.jre.full.win32.x86_64_21.0.8.v20250724-1412\jre\bin\sunmscapi.dll

Deoptimization events (20 events):
Event: 1149.031 Thread 0x00000236d6ba44e0 DEOPT PACKING pc=0x000002368420f4ac sp=0x000000a591df99c0
Event: 1149.031 Thread 0x00000236d6ba44e0 DEOPT UNPACKING pc=0x0000023683934e42 sp=0x000000a591df8f80 mode 1
Event: 1149.032 Thread 0x00000236d6ba44e0 DEOPT PACKING pc=0x000002368420e36c sp=0x000000a591df6140
Event: 1149.032 Thread 0x00000236d6ba44e0 DEOPT UNPACKING pc=0x0000023683934e42 sp=0x000000a591df5678 mode 1
Event: 1149.032 Thread 0x00000236d6ba44e0 DEOPT PACKING pc=0x0000023684210cf4 sp=0x000000a591df6230
Event: 1149.032 Thread 0x00000236d6ba44e0 DEOPT UNPACKING pc=0x0000023683934e42 sp=0x000000a591df57e0 mode 1
Event: 1149.032 Thread 0x00000236d6ba44e0 DEOPT PACKING pc=0x000002368420f4ac sp=0x000000a591df63a0
Event: 1149.032 Thread 0x00000236d6ba44e0 DEOPT UNPACKING pc=0x0000023683934e42 sp=0x000000a591df5960 mode 1
Event: 1149.035 Thread 0x00000236d6ba44e0 DEOPT PACKING pc=0x000002368474aa6c sp=0x000000a591dfb680
Event: 1149.035 Thread 0x00000236d6ba44e0 DEOPT UNPACKING pc=0x0000023683934e42 sp=0x000000a591dfaef8 mode 1
Event: 1149.035 Thread 0x00000236d6ba44e0 DEOPT PACKING pc=0x0000023683ea01dc sp=0x000000a591dfbb80
Event: 1149.035 Thread 0x00000236d6ba44e0 DEOPT UNPACKING pc=0x0000023683934e42 sp=0x000000a591dfb078 mode 1
Event: 1149.035 Thread 0x00000236d6ba44e0 DEOPT PACKING pc=0x0000023683d6d5c4 sp=0x000000a591dfbc40
Event: 1149.035 Thread 0x00000236d6ba44e0 DEOPT UNPACKING pc=0x0000023683934e42 sp=0x000000a591dfb168 mode 1
Event: 1149.041 Thread 0x00000236d6ba44e0 DEOPT PACKING pc=0x0000023684afdf34 sp=0x000000a591dfb750
Event: 1149.041 Thread 0x00000236d6ba44e0 DEOPT UNPACKING pc=0x0000023683934e42 sp=0x000000a591dfade0 mode 1
Event: 1149.041 Thread 0x00000236d6ba44e0 DEOPT PACKING pc=0x000002368425e634 sp=0x000000a591dfba80
Event: 1149.041 Thread 0x00000236d6ba44e0 DEOPT UNPACKING pc=0x0000023683934e42 sp=0x000000a591dfaf48 mode 1
Event: 1150.942 Thread 0x00000236d6ba44e0 DEOPT PACKING pc=0x0000023683d3b7b4 sp=0x000000a591dfbdd0
Event: 1150.942 Thread 0x00000236d6ba44e0 DEOPT UNPACKING pc=0x0000023683934e42 sp=0x000000a591dfb288 mode 0

Classes loaded (20 events):
Event: 133.497 Loading class java/util/Collections$UnmodifiableRandomAccessListCustomizer
Event: 133.497 Loading class java/util/Collections$UnmodifiableRandomAccessListCustomizer done
Event: 133.498 Loading class java/util/Collections$UnmodifiableRandomAccessListCustomizer
Event: 133.498 Loading class java/util/Collections$UnmodifiableRandomAccessListCustomizer done
Event: 201.110 Loading class java/lang/ObjectBeanInfo
Event: 201.110 Loading class java/lang/ObjectBeanInfo done
Event: 201.110 Loading class java/lang/ObjectBeanInfo
Event: 201.110 Loading class java/lang/ObjectBeanInfo done
Event: 201.110 Loading class java/lang/ObjectCustomizer
Event: 201.110 Loading class java/lang/ObjectCustomizer done
Event: 201.110 Loading class java/lang/ObjectCustomizer
Event: 201.110 Loading class java/lang/ObjectCustomizer done
Event: 1147.327 Loading class java/lang/ObjectBeanInfo
Event: 1147.327 Loading class java/lang/ObjectBeanInfo done
Event: 1147.327 Loading class java/lang/ObjectBeanInfo
Event: 1147.327 Loading class java/lang/ObjectBeanInfo done
Event: 1147.327 Loading class java/lang/ObjectCustomizer
Event: 1147.327 Loading class java/lang/ObjectCustomizer done
Event: 1147.327 Loading class java/lang/ObjectCustomizer
Event: 1147.327 Loading class java/lang/ObjectCustomizer done

Classes unloaded (20 events):
Event: 1147.203 Thread 0x000002368d4fb990 Unloading class 0x000002368fd84800 'java/lang/invoke/LambdaForm$MH+0x000002368fd84800'
Event: 1147.203 Thread 0x000002368d4fb990 Unloading class 0x000002368fd84400 'jdk/internal/reflect/GeneratedSerializationConstructorAccessor74'
Event: 1147.203 Thread 0x000002368d4fb990 Unloading class 0x000002368fc32b50 'org/apache/catalina/loader/JdbcLeakPrevention'
Event: 1147.203 Thread 0x000002368d4fb990 Unloading class 0x000002368fc32800 'jdk/proxy15/$Proxy187'
Event: 1147.203 Thread 0x000002368d4fb990 Unloading class 0x000002368fce5400 'java/lang/invoke/LambdaForm$MH+0x000002368fce5400'
Event: 1147.203 Thread 0x000002368d4fb990 Unloading class 0x000002368fce6000 'java/lang/invoke/LambdaForm$MH+0x000002368fce6000'
Event: 1147.203 Thread 0x000002368d4fb990 Unloading class 0x000002368fceac00 'java/lang/invoke/LambdaForm$MH+0x000002368fceac00'
Event: 1147.203 Thread 0x000002368d4fb990 Unloading class 0x000002368fcea800 'java/lang/invoke/LambdaForm$MH+0x000002368fcea800'
Event: 1147.203 Thread 0x000002368d4fb990 Unloading class 0x000002368fceb400 'java/lang/invoke/LambdaForm$MH+0x000002368fceb400'
Event: 1147.203 Thread 0x000002368d4fb990 Unloading class 0x000002368fceb000 'java/lang/invoke/LambdaForm$MH+0x000002368fceb000'
Event: 1147.203 Thread 0x000002368d4fb990 Unloading class 0x000002368fcf0400 'java/lang/invoke/LambdaForm$MH+0x000002368fcf0400'
Event: 1147.203 Thread 0x000002368d4fb990 Unloading class 0x000002368fcf0000 'java/lang/invoke/LambdaForm$MH+0x000002368fcf0000'
Event: 1147.203 Thread 0x000002368d4fb990 Unloading class 0x000002368fcf5400 'java/lang/invoke/LambdaForm$MH+0x000002368fcf5400'
Event: 1147.203 Thread 0x000002368d4fb990 Unloading class 0x000002368fa89800 'java/lang/invoke/LambdaForm$MH+0x000002368fa89800'
Event: 1147.203 Thread 0x000002368d4fb990 Unloading class 0x000002368fa88400 'java/lang/invoke/LambdaForm$MH+0x000002368fa88400'
Event: 1147.203 Thread 0x000002368d4fb990 Unloading class 0x000002368fa88000 'java/lang/invoke/LambdaForm$MH+0x000002368fa88000'
Event: 1147.203 Thread 0x000002368d4fb990 Unloading class 0x000002368f58d000 'java/lang/invoke/LambdaForm$MH+0x000002368f58d000'
Event: 1147.203 Thread 0x000002368d4fb990 Unloading class 0x000002368f58c000 'java/lang/invoke/LambdaForm$DMH+0x000002368f58c000'
Event: 1147.203 Thread 0x000002368d4fb990 Unloading class 0x000002368f50a800 'java/lang/invoke/LambdaForm$MH+0x000002368f50a800'
Event: 1147.203 Thread 0x000002368d4fb990 Unloading class 0x000002368f509c00 'java/lang/invoke/LambdaForm$MH+0x000002368f509c00'

Classes redefined (20 events):
Event: 202.500 Thread 0x000002368d4fb990 redefined class name=com.mybaselinkV2.app.service.PageService$1, count=1
Event: 202.500 Thread 0x000002368d4fb990 redefined class name=com.mybaselinkV2.app.service.PageService, count=2
Event: 202.500 Thread 0x000002368d4fb990 redefined class name=com.mybaselinkV2.app.service.PageService$1, count=1
Event: 202.500 Thread 0x000002368d4fb990 redefined class name=com.mybaselinkV2.app.service.PageService, count=1
Event: 202.500 Thread 0x000002368d4fb990 redefined class name=com.mybaselinkV2.app.service.PageService, count=1
Event: 202.500 Thread 0x000002368d4fb990 redefined class name=com.mybaselinkV2.app.service.PageService$1, count=3
Event: 202.500 Thread 0x000002368d4fb990 redefined class name=com.mybaselinkV2.app.service.PageService$1, count=3
Event: 202.500 Thread 0x000002368d4fb990 redefined class name=com.mybaselinkV2.app.service.PageService, count=3
Event: 209.341 Thread 0x000002368d4fb990 redefined class name=com.mybaselinkV2.app.service.PageService, count=4
Event: 209.341 Thread 0x000002368d4fb990 redefined class name=com.mybaselinkV2.app.service.PageService$1, count=3
Event: 209.341 Thread 0x000002368d4fb990 redefined class name=com.mybaselinkV2.app.service.PageService$1, count=2
Event: 209.341 Thread 0x000002368d4fb990 redefined class name=com.mybaselinkV2.app.service.PageService, count=3
Event: 209.341 Thread 0x000002368d4fb990 redefined class name=com.mybaselinkV2.app.service.PageService$1, count=2
Event: 209.341 Thread 0x000002368d4fb990 redefined class name=com.mybaselinkV2.app.service.PageService, count=2
Event: 209.341 Thread 0x000002368d4fb990 redefined class name=com.mybaselinkV2.app.service.PageService, count=2
Event: 209.341 Thread 0x000002368d4fb990 redefined class name=com.mybaselinkV2.app.service.PageService$1, count=1
Event: 209.341 Thread 0x000002368d4fb990 redefined class name=com.mybaselinkV2.app.service.PageService$1, count=4
Event: 209.341 Thread 0x000002368d4fb990 redefined class name=com.mybaselinkV2.app.service.PageService, count=1
Event: 209.341 Thread 0x000002368d4fb990 redefined class name=com.mybaselinkV2.app.service.PageService$1, count=4
Event: 209.341 Thread 0x000002368d4fb990 redefined class name=com.mybaselinkV2.app.service.PageService, count=4

Internal exceptions (20 events):
Event: 1147.324 Thread 0x00000236d6ba44e0 Exception <a 'java/lang/ClassNotFoundException'{0x000000070cd05f80}: org/springframework/beans/factory/groovy/GroovyBeanDefinitionReaderBeanInfo> (0x000000070cd05f80) 
thrown [s\src\hotspot\share\classfile\systemDictionary.cpp, line 312]
Event: 1147.326 Thread 0x00000236d6ba44e0 Exception <a 'java/lang/ClassNotFoundException'{0x000000070cd0e9e8}: org/springframework/beans/factory/support/AbstractBeanDefinitionReaderBeanInfo> (0x000000070cd0e9e8) 
thrown [s\src\hotspot\share\classfile\systemDictionary.cpp, line 312]
Event: 1147.327 Thread 0x00000236d6ba44e0 Exception <a 'java/lang/ClassNotFoundException'{0x000000070cd10108}: java/lang/ObjectBeanInfo> (0x000000070cd10108) 
thrown [s\src\hotspot\share\classfile\systemDictionary.cpp, line 312]
Event: 1147.327 Thread 0x00000236d6ba44e0 Exception <a 'java/lang/ClassNotFoundException'{0x000000070cd11828}: java/lang/ObjectCustomizer> (0x000000070cd11828) 
thrown [s\src\hotspot\share\classfile\systemDictionary.cpp, line 312]
Event: 1147.328 Thread 0x00000236d6ba44e0 Exception <a 'java/lang/ClassNotFoundException'{0x000000070cd1f4c8}: org/springframework/beans/factory/support/AbstractBeanDefinitionReaderCustomizer> (0x000000070cd1f4c8) 
thrown [s\src\hotspot\share\classfile\systemDictionary.cpp, line 312]
Event: 1147.330 Thread 0x00000236d6ba44e0 Exception <a 'java/lang/ClassNotFoundException'{0x000000070cd35150}: org/springframework/beans/factory/groovy/GroovyBeanDefinitionReaderCustomizer> (0x000000070cd35150) 
thrown [s\src\hotspot\share\classfile\systemDictionary.cpp, line 312]
Event: 1147.902 Thread 0x00000236d6ba44e0 Exception <a 'java/lang/NoClassDefFoundError'{0x000000070a11cad0}: org/flywaydb/core/Flyway> (0x000000070a11cad0) 
thrown [s\src\hotspot\share\oops\constantPool.cpp, line 873]
Event: 1148.032 Thread 0x00000236d6ba44e0 Exception <a 'java/lang/NoClassDefFoundError'{0x000000070a11d130}: liquibase/integration/spring/SpringLiquibase> (0x000000070a11d130) 
thrown [s\src\hotspot\share\oops\constantPool.cpp, line 873]
Event: 1148.037 Thread 0x00000236d6ba44e0 Exception <a 'java/lang/NoClassDefFoundError'{0x000000070a151fd8}: org/jooq/DSLContext> (0x000000070a151fd8) 
thrown [s\src\hotspot\share\oops\constantPool.cpp, line 873]
Event: 1148.045 Thread 0x00000236d6ba44e0 Exception <a 'java/lang/NoClassDefFoundError'{0x000000070a1da278}: org/springframework/batch/core/repository/JobRepository> (0x000000070a1da278) 
thrown [s\src\hotspot\share\oops\constantPool.cpp, line 873]
Event: 1148.046 Thread 0x00000236d6ba44e0 Exception <a 'java/lang/NoClassDefFoundError'{0x000000070a1da8d0}: org/quartz/Scheduler> (0x000000070a1da8d0) 
thrown [s\src\hotspot\share\oops\constantPool.cpp, line 873]
Event: 1148.047 Thread 0x00000236d6ba44e0 Exception <a 'java/lang/NoClassDefFoundError'{0x000000070a1daf50}: org/springframework/session/jdbc/JdbcIndexedSessionRepository> (0x000000070a1daf50) 
thrown [s\src\hotspot\share\oops\constantPool.cpp, line 873]
Event: 1148.057 Thread 0x00000236d6ba44e0 Exception <a 'java/lang/NoSuchMethodError'{0x0000000709ea6760}: 'void java.lang.invoke.DelegatingMethodHandle$Holder.reinvoke_L(java.lang.Object, java.lang.Object, int)'> (0x0000000709ea6760) 
thrown [s\src\hotspot\share\interpreter\linkResolver.cpp, line 773]
Event: 1148.192 Thread 0x00000236d6ba44e0 Exception <a 'java/lang/NoSuchMethodError'{0x0000000708f4e240}: 'int java.lang.invoke.DirectMethodHandle$Holder.invokeVirtual(java.lang.Object, java.lang.Object, java.lang.Object, java.lang.Object)'> (0x0000000708f4e240) 
thrown [s\src\hotspot\share\interpreter\linkResolver.cpp, line 773]
Event: 1148.192 Thread 0x00000236d6ba44e0 Exception <a 'java/lang/NoSuchMethodError'{0x0000000708f51838}: 'int java.lang.invoke.DelegatingMethodHandle$Holder.reinvoke_L(java.lang.Object, java.lang.Object, java.lang.Object, java.lang.Object)'> (0x0000000708f51838) 
thrown [s\src\hotspot\share\interpreter\linkResolver.cpp, line 773]
Event: 1148.211 Thread 0x00000236d6ba44e0 Exception <a 'java/io/FileNotFoundException'{0x0000000708fc3750}> (0x0000000708fc3750) 
thrown [s\src\hotspot\share\prims\jni.cpp, line 520]
Event: 1148.317 Thread 0x00000236d6ba44e0 Exception <a 'java/lang/NoSuchMethodError'{0x0000000708644cb8}: 'void java.lang.invoke.DirectMethodHandle$Holder.invokeVirtual(java.lang.Object, java.lang.Object, long)'> (0x0000000708644cb8) 
thrown [s\src\hotspot\share\interpreter\linkResolver.cpp, line 773]
Event: 1148.318 Thread 0x00000236d6ba44e0 Exception <a 'java/lang/NoSuchMethodError'{0x0000000708648bf8}: 'void java.lang.invoke.DelegatingMethodHandle$Holder.reinvoke_L(java.lang.Object, java.lang.Object, long)'> (0x0000000708648bf8) 
thrown [s\src\hotspot\share\interpreter\linkResolver.cpp, line 773]
Event: 1148.954 Thread 0x00000236d6ba44e0 Exception <a 'java/lang/NoSuchMethodError'{0x000000070c735a50}: 'long java.lang.invoke.DelegatingMethodHandle$Holder.reinvoke_L(java.lang.Object, java.lang.Object)'> (0x000000070c735a50) 
thrown [s\src\hotspot\share\interpreter\linkResolver.cpp, line 773]
Event: 1148.991 Thread 0x00000236d6ba44e0 Exception <a 'java/io/FileNotFoundException'{0x000000070c5c0c98}> (0x000000070c5c0c98) 
thrown [s\src\hotspot\share\prims\jni.cpp, line 520]

ZGC Phase Switch (0 events):
No events

VM Operations (20 events):
Event: 1156.766 Executing VM operation: get/set locals done
Event: 1156.767 Executing VM operation: get/set locals
Event: 1156.767 Executing VM operation: get/set locals done
Event: 1202.079 Executing VM operation: Cleanup
Event: 1202.080 Executing VM operation: Cleanup done
Event: 1202.934 Executing VM operation: HandshakeAllThreads (HandshakeForDeflation)
Event: 1202.934 Executing VM operation: HandshakeAllThreads (HandshakeForDeflation) done
Event: 1202.934 Executing VM operation: RendezvousGCThreads
Event: 1202.934 Executing VM operation: RendezvousGCThreads done
Event: 1339.231 Executing VM operation: get/set locals
Event: 1339.231 Executing VM operation: get/set locals done
Event: 1339.232 Executing VM operation: get/set locals
Event: 1339.232 Executing VM operation: get/set locals done
Event: 1339.233 Executing VM operation: get/set locals
Event: 1339.233 Executing VM operation: get/set locals done
Event: 1339.234 Executing VM operation: get/set locals
Event: 1339.234 Executing VM operation: get/set locals done
Event: 1339.235 Executing VM operation: get/set locals
Event: 1339.235 Executing VM operation: get/set locals done
Event: 1341.268 Executing VM operation: G1CollectForAllocation (G1 Evacuation Pause)

Memory protections (0 events):
No events

Nmethod flushes (20 events):
Event: 1148.894 Thread 0x000002368d4fb990 flushing  nmethod 0x000002368515e190
Event: 1148.894 Thread 0x000002368d4fb990 flushing  nmethod 0x000002368515e910
Event: 1148.894 Thread 0x000002368d4fb990 flushing  nmethod 0x000002368515ed90
Event: 1148.894 Thread 0x000002368d4fb990 flushing  nmethod 0x000002368515f410
Event: 1148.894 Thread 0x000002368d4fb990 flushing  nmethod 0x000002368515f890
Event: 1148.894 Thread 0x000002368d4fb990 flushing  nmethod 0x0000023685160090
Event: 1148.894 Thread 0x000002368d4fb990 flushing  nmethod 0x0000023685160510
Event: 1148.894 Thread 0x000002368d4fb990 flushing  nmethod 0x0000023685177f10
Event: 1148.894 Thread 0x000002368d4fb990 flushing  nmethod 0x0000023685178390
Event: 1148.894 Thread 0x000002368d4fb990 flushing  nmethod 0x0000023685178a90
Event: 1148.894 Thread 0x000002368d4fb990 flushing  nmethod 0x0000023685178e90
Event: 1148.894 Thread 0x000002368d4fb990 flushing  nmethod 0x0000023685179290
Event: 1148.894 Thread 0x000002368d4fb990 flushing  nmethod 0x0000023685179690
Event: 1148.894 Thread 0x000002368d4fb990 flushing  nmethod 0x0000023685179e10
Event: 1148.894 Thread 0x000002368d4fb990 flushing  nmethod 0x000002368517b110
Event: 1148.894 Thread 0x000002368d4fb990 flushing  nmethod 0x000002368517fb10
Event: 1148.894 Thread 0x000002368d4fb990 flushing  nmethod 0x000002368517fe90
Event: 1148.894 Thread 0x000002368d4fb990 flushing  nmethod 0x0000023685180290
Event: 1148.894 Thread 0x000002368d4fb990 flushing  nmethod 0x0000023685180690
Event: 1148.894 Thread 0x000002368d4fb990 flushing  nmethod 0x0000023685180b90

Events (20 events):
Event: 1147.176 Thread 0x000002368d527990 Thread added: 0x00000236d7658960
Event: 1147.179 Thread 0x00000236d6f15fb0 Thread exited: 0x00000236d6f15fb0
Event: 1147.179 Thread 0x00000236d6f18710 Thread exited: 0x00000236d6f18710
Event: 1147.263 Thread 0x00000236d6f14c00 Thread exited: 0x00000236d6f14c00
Event: 1147.263 Thread 0x00000236d6ba37c0 Thread added: 0x00000236d6ba44e0
Event: 1147.263 Thread 0x00000236d6ba44e0 Thread exited: 0x00000236d6ba44e0
Event: 1147.264 Thread 0x00000236d6ba37c0 Thread added: 0x00000236d6ba44e0
Event: 1147.323 Thread 0x000002368d527990 Thread added: 0x00000236d38fdd40
Event: 1147.323 Thread 0x000002368d527990 Thread added: 0x00000236d7241970
Event: 1147.436 Thread 0x00000236d6ba44e0 Thread added: 0x00000236d6ba16f0
Event: 1147.503 Thread 0x00000236d6ba16f0 Thread exited: 0x00000236d6ba16f0
Event: 1148.550 Thread 0x00000236d6ba44e0 Thread added: 0x00000236d6ba16f0
Event: 1148.660 Thread 0x00000236d6ba16f0 Thread added: 0x00000236d6ba5890
Event: 1148.992 Thread 0x00000236d6ba44e0 Thread added: 0x00000236d6ba2aa0
Event: 1148.993 Thread 0x00000236d6ba44e0 Thread added: 0x00000236d6ba8680
Event: 1148.993 Thread 0x00000236d6ba44e0 Thread added: 0x00000236d6ba7ff0
Event: 1153.872 Thread 0x00000236d6ba5890 Thread exited: 0x00000236d6ba5890
Event: 1154.044 Thread 0x00000236d7241970 Thread exited: 0x00000236d7241970
Event: 1154.044 Thread 0x00000236d38fdd40 Thread exited: 0x00000236d38fdd40
Event: 1159.046 Thread 0x00000236d7658960 Thread exited: 0x00000236d7658960


Dynamic libraries:
0x00007ff7c5030000 - 0x00007ff7c503e000 	D:\project\dev_boot_project\sts-4.32.0.RELEASE\plugins\org.eclipse.justj.openjdk.hotspot.jre.full.win32.x86_64_21.0.8.v20250724-1412\jre\bin\javaw.exe
0x00007ffb62a00000 - 0x00007ffb62c67000 	C:\WINDOWS\SYSTEM32\ntdll.dll
0x00007ffb61500000 - 0x00007ffb615c9000 	C:\WINDOWS\System32\KERNEL32.DLL
0x00007ffb5ff80000 - 0x00007ffb6036f000 	C:\WINDOWS\System32\KERNELBASE.dll
0x00007ffb5fd80000 - 0x00007ffb5fecb000 	C:\WINDOWS\System32\ucrtbase.dll
0x00007ffaed780000 - 0x00007ffaed79e000 	D:\project\dev_boot_project\sts-4.32.0.RELEASE\plugins\org.eclipse.justj.openjdk.hotspot.jre.full.win32.x86_64_21.0.8.v20250724-1412\jre\bin\VCRUNTIME140.dll
0x00007ffb04f70000 - 0x00007ffb04f88000 	D:\project\dev_boot_project\sts-4.32.0.RELEASE\plugins\org.eclipse.justj.openjdk.hotspot.jre.full.win32.x86_64_21.0.8.v20250724-1412\jre\bin\jli.dll
0x00007ffb616d0000 - 0x00007ffb61895000 	C:\WINDOWS\System32\USER32.dll
0x00007ffb604b0000 - 0x00007ffb604d7000 	C:\WINDOWS\System32\win32u.dll
0x00007ffb62990000 - 0x00007ffb629bb000 	C:\WINDOWS\System32\GDI32.dll
0x00007ffb60380000 - 0x00007ffb604ac000 	C:\WINDOWS\System32\gdi32full.dll
0x00007ffb51660000 - 0x00007ffb518f3000 	C:\WINDOWS\WinSxS\amd64_microsoft.windows.common-controls_6595b64144ccf1df_6.0.26100.7309_none_3e05feeae336a044\COMCTL32.dll
0x00007ffb606f0000 - 0x00007ffb60793000 	C:\WINDOWS\System32\msvcp_win.dll
0x00007ffb61ab0000 - 0x00007ffb61b59000 	C:\WINDOWS\System32\msvcrt.dll
0x00007ffb614c0000 - 0x00007ffb614f1000 	C:\WINDOWS\System32\IMM32.DLL
0x00007ffb46930000 - 0x00007ffb4693c000 	D:\project\dev_boot_project\sts-4.32.0.RELEASE\plugins\org.eclipse.justj.openjdk.hotspot.jre.full.win32.x86_64_21.0.8.v20250724-1412\jre\bin\vcruntime140_1.dll
0x00007ffaebed0000 - 0x00007ffaebf5d000 	D:\project\dev_boot_project\sts-4.32.0.RELEASE\plugins\org.eclipse.justj.openjdk.hotspot.jre.full.win32.x86_64_21.0.8.v20250724-1412\jre\bin\msvcp140.dll
0x00007ffb031e0000 - 0x00007ffb03f77000 	D:\project\dev_boot_project\sts-4.32.0.RELEASE\plugins\org.eclipse.justj.openjdk.hotspot.jre.full.win32.x86_64_21.0.8.v20250724-1412\jre\bin\server\jvm.dll
0x00007ffb61380000 - 0x00007ffb61434000 	C:\WINDOWS\System32\ADVAPI32.dll
0x00007ffb611b0000 - 0x00007ffb61256000 	C:\WINDOWS\System32\sechost.dll
0x00007ffb61260000 - 0x00007ffb61378000 	C:\WINDOWS\System32\RPCRT4.dll
0x00007ffb60990000 - 0x00007ffb60a04000 	C:\WINDOWS\System32\WS2_32.dll
0x00007ffb5f9b0000 - 0x00007ffb5fa0e000 	C:\WINDOWS\SYSTEM32\POWRPROF.dll
0x00007ffb577e0000 - 0x00007ffb577eb000 	C:\WINDOWS\SYSTEM32\VERSION.dll
0x00007ffb51910000 - 0x00007ffb51945000 	C:\WINDOWS\SYSTEM32\WINMM.dll
0x00007ffb5f990000 - 0x00007ffb5f9a4000 	C:\WINDOWS\SYSTEM32\UMPDC.dll
0x00007ffb5e900000 - 0x00007ffb5e91b000 	C:\WINDOWS\SYSTEM32\kernel.appcore.dll
0x00007ffb55490000 - 0x00007ffb5549a000 	D:\project\dev_boot_project\sts-4.32.0.RELEASE\plugins\org.eclipse.justj.openjdk.hotspot.jre.full.win32.x86_64_21.0.8.v20250724-1412\jre\bin\jimage.dll
0x00007ffb5d2c0000 - 0x00007ffb5d502000 	C:\WINDOWS\SYSTEM32\DBGHELP.DLL
0x00007ffb60e20000 - 0x00007ffb611a6000 	C:\WINDOWS\System32\combase.dll
0x00007ffb60d30000 - 0x00007ffb60e06000 	C:\WINDOWS\System32\OLEAUT32.dll
0x00007ffb5d280000 - 0x00007ffb5d2bc000 	C:\WINDOWS\SYSTEM32\dbgcore.DLL
0x00007ffb5fed0000 - 0x00007ffb5ff75000 	C:\WINDOWS\System32\bcryptPrimitives.dll
0x00007ffb59080000 - 0x00007ffb590bc000 	D:\project\dev_boot_project\sts-4.32.0.RELEASE\plugins\org.eclipse.justj.openjdk.hotspot.jre.full.win32.x86_64_21.0.8.v20250724-1412\jre\bin\jdwp.dll
0x00007ffb5a570000 - 0x00007ffb5a57f000 	D:\project\dev_boot_project\sts-4.32.0.RELEASE\plugins\org.eclipse.justj.openjdk.hotspot.jre.full.win32.x86_64_21.0.8.v20250724-1412\jre\bin\instrument.dll
0x00007ffb55470000 - 0x00007ffb5548f000 	D:\project\dev_boot_project\sts-4.32.0.RELEASE\plugins\org.eclipse.justj.openjdk.hotspot.jre.full.win32.x86_64_21.0.8.v20250724-1412\jre\bin\java.dll
0x00007ffb62230000 - 0x00007ffb62983000 	C:\WINDOWS\System32\SHELL32.dll
0x00007ffb5fb50000 - 0x00007ffb5fcba000 	C:\WINDOWS\System32\wintypes.dll
0x00007ffb5d790000 - 0x00007ffb5dfee000 	C:\WINDOWS\SYSTEM32\windows.storage.dll
0x00007ffb60c30000 - 0x00007ffb60d25000 	C:\WINDOWS\System32\SHCORE.dll
0x00007ffb61660000 - 0x00007ffb616c6000 	C:\WINDOWS\System32\shlwapi.dll
0x00007ffb5fa70000 - 0x00007ffb5fa99000 	C:\WINDOWS\SYSTEM32\profapi.dll
0x00007ffb55450000 - 0x00007ffb55468000 	D:\project\dev_boot_project\sts-4.32.0.RELEASE\plugins\org.eclipse.justj.openjdk.hotspot.jre.full.win32.x86_64_21.0.8.v20250724-1412\jre\bin\zip.dll
0x00007ffb590f0000 - 0x00007ffb590fb000 	D:\project\dev_boot_project\sts-4.32.0.RELEASE\plugins\org.eclipse.justj.openjdk.hotspot.jre.full.win32.x86_64_21.0.8.v20250724-1412\jre\bin\dt_socket.dll
0x00007ffb5e310000 - 0x00007ffb5e344000 	C:\WINDOWS\SYSTEM32\IPHLPAPI.DLL
0x00007ffb5ee70000 - 0x00007ffb5eedb000 	C:\WINDOWS\system32\mswsock.dll
0x00007ffb5e3a0000 - 0x00007ffb5e4cc000 	C:\WINDOWS\SYSTEM32\DNSAPI.dll
0x00007ffb60c20000 - 0x00007ffb60c2a000 	C:\WINDOWS\System32\NSI.dll
0x00007ffb53b60000 - 0x00007ffb53b6b000 	C:\Windows\System32\rasadhlp.dll
0x00007ffb562f0000 - 0x00007ffb56376000 	C:\WINDOWS\System32\fwpuclnt.dll
0x00007ffb55440000 - 0x00007ffb55450000 	D:\project\dev_boot_project\sts-4.32.0.RELEASE\plugins\org.eclipse.justj.openjdk.hotspot.jre.full.win32.x86_64_21.0.8.v20250724-1412\jre\bin\net.dll
0x00007ffb5ce90000 - 0x00007ffb5cfb8000 	C:\WINDOWS\SYSTEM32\WINHTTP.dll
0x00007ffb55420000 - 0x00007ffb55436000 	D:\project\dev_boot_project\sts-4.32.0.RELEASE\plugins\org.eclipse.justj.openjdk.hotspot.jre.full.win32.x86_64_21.0.8.v20250724-1412\jre\bin\nio.dll
0x00007ffb52f10000 - 0x00007ffb52f1a000 	D:\project\dev_boot_project\sts-4.32.0.RELEASE\plugins\org.eclipse.justj.openjdk.hotspot.jre.full.win32.x86_64_21.0.8.v20250724-1412\jre\bin\management.dll
0x00007ffb52590000 - 0x00007ffb5259b000 	D:\project\dev_boot_project\sts-4.32.0.RELEASE\plugins\org.eclipse.justj.openjdk.hotspot.jre.full.win32.x86_64_21.0.8.v20250724-1412\jre\bin\management_ext.dll
0x00007ffb60e10000 - 0x00007ffb60e18000 	C:\WINDOWS\System32\PSAPI.DLL
0x00007ffb4e6f0000 - 0x00007ffb4e708000 	C:\WINDOWS\system32\napinsp.dll
0x00007ffb4e590000 - 0x00007ffb4e5a2000 	C:\WINDOWS\System32\winrnr.dll
0x00007ffb4e560000 - 0x00007ffb4e582000 	C:\WINDOWS\system32\nlansp_c.dll
0x00007ffb56b90000 - 0x00007ffb56ba6000 	C:\WINDOWS\system32\wshbth.dll
0x00007ffb50440000 - 0x00007ffb50450000 	D:\project\dev_boot_project\sts-4.32.0.RELEASE\plugins\org.eclipse.justj.openjdk.hotspot.jre.full.win32.x86_64_21.0.8.v20250724-1412\jre\bin\verify.dll
0x00007ffb5f130000 - 0x00007ffb5f14b000 	C:\WINDOWS\SYSTEM32\CRYPTSP.dll
0x00007ffb5e860000 - 0x00007ffb5e89a000 	C:\WINDOWS\system32\rsaenh.dll
0x00007ffb5ef20000 - 0x00007ffb5ef4b000 	C:\WINDOWS\SYSTEM32\USERENV.dll
0x00007ffb5fa40000 - 0x00007ffb5fa6a000 	C:\WINDOWS\SYSTEM32\bcrypt.dll
0x00007ffb5f950000 - 0x00007ffb5f95c000 	C:\WINDOWS\SYSTEM32\CRYPTBASE.dll
0x00007ffb54290000 - 0x00007ffb54299000 	D:\project\dev_boot_project\sts-4.32.0.RELEASE\plugins\org.eclipse.justj.openjdk.hotspot.jre.full.win32.x86_64_21.0.8.v20250724-1412\jre\bin\extnet.dll
0x00007ffb3e3a0000 - 0x00007ffb3e3ae000 	D:\project\dev_boot_project\sts-4.32.0.RELEASE\plugins\org.eclipse.justj.openjdk.hotspot.jre.full.win32.x86_64_21.0.8.v20250724-1412\jre\bin\sunmscapi.dll
0x00007ffb604e0000 - 0x00007ffb60657000 	C:\WINDOWS\System32\CRYPT32.dll
0x00007ffb5f340000 - 0x00007ffb5f370000 	C:\WINDOWS\SYSTEM32\ncrypt.dll
0x00007ffb5f2f0000 - 0x00007ffb5f32f000 	C:\WINDOWS\SYSTEM32\NTASN1.dll
0x00007ffb52580000 - 0x00007ffb52588000 	C:\WINDOWS\system32\wshunix.dll

JVMTI agents:
jdwp path:D:\project\dev_boot_project\sts-4.32.0.RELEASE\plugins\org.eclipse.justj.openjdk.hotspot.jre.full.win32.x86_64_21.0.8.v20250724-1412\jre\bin\jdwp.dll, loaded, initialized, options:transport=dt_socket,suspend=y,address=localhost:50637
D:\project\dev_boot_project\sts-4.32.0.RELEASE\configuration\org.eclipse.osgi\272\0\.cp\lib\javaagent-shaded.jar path:D:\project\dev_boot_project\sts-4.32.0.RELEASE\plugins\org.eclipse.justj.openjdk.hotspot.jre.full.win32.x86_64_21.0.8.v20250724-1412\jre\bin\instrument.dll, loaded, initialized, instrumentlib options:none

dbghelp: loaded successfully - version: 4.0.5 - missing functions: none
symbol engine: initialized successfully - sym options: 0x614 - pdb path: .;D:\project\dev_boot_project\sts-4.32.0.RELEASE\plugins\org.eclipse.justj.openjdk.hotspot.jre.full.win32.x86_64_21.0.8.v20250724-1412\jre\bin;C:\WINDOWS\SYSTEM32;C:\WINDOWS\WinSxS\amd64_microsoft.windows.common-controls_6595b64144ccf1df_6.0.26100.7309_none_3e05feeae336a044;D:\project\dev_boot_project\sts-4.32.0.RELEASE\plugins\org.eclipse.justj.openjdk.hotspot.jre.full.win32.x86_64_21.0.8.v20250724-1412\jre\bin\server

VM Arguments:
jvm_args: -XX:+ShowCodeDetailsInExceptionMessages -agentlib:jdwp=transport=dt_socket,suspend=y,address=localhost:50637 -Dcom.sun.management.jmxremote -Dcom.sun.management.jmxremote.port=50636 -Dcom.sun.management.jmxremote.authenticate=false -Dcom.sun.management.jmxremote.ssl=false -Djava.rmi.server.hostname=localhost -Dspring.jmx.enabled=true -Dmanagement.endpoints.jmx.exposure.include=* -Dspring.application.admin.enabled=true -Dspring.profiles.active=local -Dspring.output.ansi.enabled=always -XX:TieredStopAtLevel=1 -Dspring.boot.project.name=MyBaseLinkV2 -javaagent:D:\project\dev_boot_project\sts-4.32.0.RELEASE\configuration\org.eclipse.osgi\272\0\.cp\lib\javaagent-shaded.jar -Dfile.encoding=UTF-8 -Dstdout.encoding=UTF-8 -Dstderr.encoding=UTF-8 
java_command: com.mybaselinkV2.app.MyBaseLinkV2Application
java_class_path (initial): D:\project\dev_boot_project\workspace\MyBaseLinkV2\target\classes;C:\Users\dragon\.m2\repository\org\springframework\boot\spring-boot-starter-web\3.5.6\spring-boot-starter-web-3.5.6.jar;C:\Users\dragon\.m2\repository\org\springframework\boot\spring-boot-starter\3.5.6\spring-boot-starter-3.5.6.jar;C:\Users\dragon\.m2\repository\org\springframework\boot\spring-boot-starter-logging\3.5.6\spring-boot-starter-logging-3.5.6.jar;C:\Users\dragon\.m2\repository\ch\qos\logback\logback-classic\1.5.18\logback-classic-1.5.18.jar;C:\Users\dragon\.m2\repository\ch\qos\logback\logback-core\1.5.18\logback-core-1.5.18.jar;C:\Users\dragon\.m2\repository\org\apache\logging\log4j\log4j-to-slf4j\2.24.3\log4j-to-slf4j-2.24.3.jar;C:\Users\dragon\.m2\repository\org\slf4j\jul-to-slf4j\2.0.17\jul-to-slf4j-2.0.17.jar;C:\Users\dragon\.m2\repository\org\yaml\snakeyaml\2.4\snakeyaml-2.4.jar;C:\Users\dragon\.m2\repository\org\springframework\boot\spring-boot-starter-json\3.5.6\spring-boot-starter-json-3.5.6.jar;C:\Users\dragon\.m2\repository\com\fasterxml\jackson\datatype\jackson-datatype-jsr310\2.19.2\jackson-datatype-jsr310-2.19.2.jar;C:\Users\dragon\.m2\repository\com\fasterxml\jackson\module\jackson-module-parameter-names\2.19.2\jackson-module-parameter-names-2.19.2.jar;C:\Users\dragon\.m2\repository\org\springframework\spring-web\6.2.11\spring-web-6.2.11.jar;C:\Users\dragon\.m2\repository\org\springframework\spring-beans\6.2.11\spring-beans-6.2.11.jar;C:\Users\dragon\.m2\repository\io\micrometer\micrometer-observation\1.15.4\micrometer-observation-1.15.4.jar;C:\Users\dragon\.m2\repository\io\micrometer\micrometer-commons\1.15.4\micrometer-commons-1.15.4.jar;C:\Users\dragon\.m2\repository\org\springframework\spring-webmvc\6.2.11\spring-webmvc-6.2.11.jar;C:\Users\dragon\.m2\repository\org\springframework\spring-context\6.2.11\spring-context-6.2.11.jar;C:\Users\dragon\.m2\repository\org\springframework\spring-expression\6.2.11\spring-expression-6.2.11.jar;C:\Users\dragon\.m2\repository\org\springframework\boot\spring-boot-starter-tomcat\3.5.6\spring-boot-starter-tomcat-3.5.6.jar;C:\Users\dragon\.m2\repository\jakarta\annotation\jakarta.annotation-api\2.1.1\jakarta.annotation-api-2.1.1.jar;C:\Users\dragon\.m2\repository\org\apache\tomcat\embed\tomcat-embed-core\10.1.46\tomcat-embed-core-10.1.46.jar;C:\Users\dragon\.m2\repository\org\apache\tomcat\embed\tomcat-embed-el\10.1.46\tomcat-embed-el-10.1.46.jar;C:\Users\dragon\.m2\repository\org\apache\tomcat\embed\tomcat-embed-websocket\10.1.46\tomcat-embed-websocket-10.1.46.jar;C:\Users\dragon\.m2\repository\org\springframework\boot\spring-boot-starter-security\3.5.6\spring-boot-starter-security-3.5.6.jar;C:\Users\dragon\.m2\repository\org\springframework\spring-aop\6.2.11\spring-aop-6.2.11.jar;C:\Users\dragon\.m2\repository\org\springframework\security\spring-security-config\6.5.5\spring-security-config-6.5.5.jar;C:\Users\dragon\.m2\repository\org\springframework\security\spring-security-core\6.5.5\spring-security-core-6.5.5.jar;C:\Users\dragon\.m2\repository\org\springframework\security\spring-security-crypto\6.5.5\spring-security-crypto-6.5.5.jar;C:\Users\dragon\.m2\repository\org\springframework\security\spring-security-web\6.5.5\spring-security-web-6.5.5.jar;C:\Users\dragon\.m2\repository\io\jsonwebtoken\jjwt-api\0.11.5\jjwt-api-0.11.5.jar;C:\Users\dragon\.m2\repository\io\jsonwebtoken\jjwt-impl\0.11.5\jjwt-impl-0.11.5.jar;C:\Users\dragon\.m2\repository\io\jsonwebtoken\jjwt-jackson\0.11.5\jjwt-jackson-0.11.5.jar;C:\Users\dragon\.m2\repository\com\fasterxml\jackson\core\jackson-databind\2.19.2\jackson-databind-2.19.2.jar;C:\Users\dragon\.m2\repository\com\fasterxml\jackson\core\jackson-annotations\2.19.2\jackson-annotations-2.19.2.jar;C:\Users\dragon\.m2\repository\com\fasterxml\jackson\core\jackson-core\2.19.2\jackson-core-2.19.2.jar;C:\Users\dragon\.m2\repository\org\springframework\boot\spring-boot-starter-thymeleaf\3.5.6\spring-boot-starter-thymeleaf-3.5.6.jar;C:\Users\dragon\.m2\repository\org\thymeleaf\thymeleaf-spring6\3.1.3.RELEASE\thymeleaf-spring6-3.1.3.RELEASE.jar;C:\Users\dragon\.m2\repository\nz\net\ultraq\thymeleaf\thymeleaf-layout-dialect\3.4.0\thymeleaf-layout-dialect-3.4.0.jar;C:\Users\dragon\.m2\repository\org\apache\groovy\groovy\4.0.28\groovy-4.0.28.jar;C:\Users\dragon\.m2\repository\nz\net\ultraq\groovy\groovy-extensions\2.3.3\groovy-extensions-2.3.3.jar;C:\Users\dragon\.m2\repository\nz\net\ultraq\thymeleaf\thymeleaf-expression-processor\3.2.0\thymeleaf-expression-processor-3.2.0.jar;C:\Users\dragon\.m2\repository\org\thymeleaf\thymeleaf\3.1.3.RELEASE\thymeleaf-3.1.3.RELEASE.jar;C:\Users\dragon\.m2\repository\ognl\ognl\3.3.4\ognl-3.3.4.jar;C:\Users\dragon\.m2\repository\org\javassist\javassist\3.29.0-GA\javassist-3.29.0-GA.jar;C:\Users\dragon\.m2\repository\org\attoparser\attoparser\2.0.7.RELEASE\attoparser-2.0.7.RELEASE.jar;C:\Users\dragon\.m2\repository\org\unbescape\unbescape\1.1.6.RELEASE\unbescape-1.1.6.RELEASE.jar;C:\Users\dragon\.m2\repository\org\slf4j\slf4j-api\2.0.17\slf4j-api-2.0.17.jar;C:\Users\dragon\.m2\repository\org\springframework\boot\spring-boot-starter-data-jpa\3.5.6\spring-boot-starter-data-jpa-3.5.6.jar;C:\Users\dragon\.m2\repository\org\springframework\boot\spring-boot-starter-jdbc\3.5.6\spring-boot-starter-jdbc-3.5.6.jar;C:\Users\dragon\.m2\repository\com\zaxxer\HikariCP\6.3.3\HikariCP-6.3.3.jar;C:\Users\dragon\.m2\repository\org\springframework\spring-jdbc\6.2.11\spring-jdbc-6.2.11.jar;C:\Users\dragon\.m2\repository\org\hibernate\orm\hibernate-core\6.6.29.Final\hibernate-core-6.6.29.Final.jar;C:\Users\dragon\.m2\repository\jakarta\persistence\jakarta.persistence-api\3.1.0\jakarta.persistence-api-3.1.0.jar;C:\Users\dragon\.m2\repository\jakarta\transaction\jakarta.transaction-api\2.0.1\jakarta.transaction-api-2.0.1.jar;C:\Users\dragon\.m2\repository\org\jboss\logging\jboss-logging\3.6.1.Final\jboss-logging-3.6.1.Final.jar;C:\Users\dragon\.m2\repository\org\hibernate\common\hibernate-commons-annotations\7.0.3.Final\hibernate-commons-annotations-7.0.3.Final.jar;C:\Users\dragon\.m2\repository\io\smallrye\jandex\3.2.0\jandex-3.2.0.jar;C:\Users\dragon\.m2\repository\com\fasterxml\classmate\1.7.0\classmate-1.7.0.jar;C:\Users\dragon\.m2\repository\net\bytebuddy\byte-buddy\1.17.7\byte-buddy-1.17.7.jar;C:\Users\dragon\.m2\repository\org\glassfish\jaxb\jaxb-runtime\4.0.5\jaxb-runtime-4.0.5.jar;C:\Users\dragon\.m2\repository\org\glassfish\jaxb\jaxb-core\4.0.5\jaxb-core-4.0.5.jar;C:\Users\dragon\.m2\repository\org\eclipse\angus\angus-activation\2.0.2\angus-activation-2.0.2.jar;C:\Users\dragon\.m2\repository\org\glassfish\jaxb\txw2\4.0.5\txw2-4.0.5.jar;C:\Users\dragon\.m2\repository\com\sun\istack\istack-commons-runtime\4.1.2\istack-commons-runtime-4.1.2.jar;C:\Users\dragon\.m2\repository\jakarta\inject\jakarta.inject-api\2.0.1\jakarta.inject-api-2.0.1.jar;C:\Users\dragon\.m2\repository\org\antlr\antlr4-runtime\4.13.0\antlr4-runtime-4.13.0.jar;C:\Users\dragon\.m2\repository\org\springframework\data\spring-data-jpa\3.5.4\spring-data-jpa-3.5.4.jar;C:\Users\dragon\.m2\repository\org\springframework\data\spring-data-commons\3.5.4\spring-data-commons-3.5.4.jar;C:\Users\dragon\.m2\repository\org\springframework\spring-orm\6.2.11\spring-orm-6.2.11.jar;C:\Users\dragon\.m2\repository\org\springframework\spring-tx\6.2.11\spring-tx-6.2.11.jar;C:\Users\dragon\.m2\repository\org\springframework\spring-aspects\6.2.11\spring-aspects-6.2.11.jar;C:\Users\dragon\.m2\repository\org\aspectj\aspectjweaver\1.9.24\aspectjweaver-1.9.24.jar;C:\Users\dragon\.m2\repository\org\postgresql\postgresql\42.7.3\postgresql-42.7.3.jar;C:\Users\dragon\.m2\repository\org\checkerframework\checker-qual\3.42.0\checker-qual-3.42.0.jar;C:\Users\dragon\.m2\repository\org\springframework\boot\spring-boot-starter-validation\3.5.6\spring-boot-starter-validation-3.5.6.jar;C:\Users\dragon\.m2\repository\org\hibernate\validator\hibernate-validator\8.0.3.Final\hibernate-validator-8.0.3.Final.jar;C:\Users\dragon\.m2\repository\jakarta\validation\jakarta.validation-api\3.0.2\jakarta.validation-api-3.0.2.jar;C:\Users\dragon\.m2\repository\org\apache\poi\poi-ooxml\5.3.0\poi-ooxml-5.3.0.jar;C:\Users\dragon\.m2\repository\org\apache\poi\poi\5.3.0\poi-5.3.0.jar;C:\Users\dragon\.m2\repository\com\zaxxer\SparseBitSet\1.3\SparseBitSet-1.3.jar;C:\Users\dragon\.m2\repository\org\apache\poi\poi-ooxml-lite\5.3.0\poi-ooxml-lite-5.3.0.jar;C:\Users\dragon\.m2\repository\org\apache\xmlbeans\xmlbeans\5.2.1\xmlbeans-5.2.1.jar;C:\Users\dragon\.m2\repository\org\apache\commons\commons-compress\1.26.2\commons-compress-1.26.2.jar;C:\Users\dragon\.m2\repository\commons-io\commons-io\2.16.1\commons-io-2.16.1.jar;C:\Users\dragon\.m2\repository\com\github\virtuald\curvesapi\1.08\curvesapi-1.08.jar;C:\Users\dragon\.m2\repository\org\apache\logging\log4j\log4j-api\2.24.3\log4j-api-2.24.3.jar;C:\Users\dragon\.m2\repository\org\apache\commons\commons-collections4\4.4\commons-collections4-4.4.jar;C:\Users\dragon\.m2\repository\org\json\json\20231013\json-20231013.jar;C:\Users\dragon\.m2\repository\org\springframework\boot\spring-boot-starter-cache\3.5.6\spring-boot-starter-cache-3.5.6.jar;C:\Users\dragon\.m2\repository\org\springframework\spring-context-support\6.2.11\spring-context-support-6.2.11.jar;C:\Users\dragon\.m2\repository\com\github\ben-manes\caffeine\caffeine\3.2.2\caffeine-3.2.2.jar;C:\Users\dragon\.m2\repository\org\jspecify\jspecify\1.0.0\jspecify-1.0.0.jar;C:\Users\dragon\.m2\repository\com\google\errorprone\error_prone_annotations\2.40.0\error_prone_annotations-2.40.0.jar;C:\Users\dragon\.m2\repository\org\apache\parquet\parquet-avro\1.14.1\parquet-avro-1.14.1.jar;C:\Users\dragon\.m2\repository\org\apache\parquet\parquet-column\1.14.1\parquet-column-1.14.1.jar;C:\Users\dragon\.m2\repository\org\apache\parquet\parquet-encoding\1.14.1\parquet-encoding-1.14.1.jar;C:\Users\dragon\.m2\repository\org\apache\parquet\parquet-common\1.14.1\parquet-common-1.14.1.jar;C:\Users\dragon\.m2\repository\org\apache\avro\avro\1.11.3\avro-1.11.3.jar;C:\Users\dragon\.m2\repository\org\apache\parquet\parquet-hadoop\1.14.1\parquet-hadoop-1.14.1.jar;C:\Users\dragon\.m2\repository\org\apache\parquet\parquet-format-structures\1.14.1\parquet-format-structures-1.14.1.jar;C:\Users\dragon\.m2\repository\javax\annotation\javax.annotation-api\1.3.2\javax.annotation-api-1.3.2.jar;C:\Users\dragon\.m2\repository\org\apache\parquet\parquet-jackson\1.14.1\parquet-jackson-1.14.1.jar;C:\Users\dragon\.m2\repository\com\fasterxml\jackson\datatype\jackson-datatype-jdk8\2.19.2\jackson-datatype-jdk8-2.19.2.jar;C:\Users\dragon\.m2\repository\org\xerial\snappy\snappy-java\1.1.10.5\snappy-java-1.1.10.5.jar;C:\Users\dragon\.m2\repository\io\airlift\aircompressor\0.27\aircompressor-0.27.jar;C:\Users\dragon\.m2\repository\commons-pool\commons-pool\1.6\commons-pool-1.6.jar;C:\Users\dragon\.m2\repository\com\github\luben\zstd-jni\1.5.6-2\zstd-jni-1.5.6-2.jar;C:\Users\dragon\.m2\repository\org\apache\hadoop\hadoop-common\3.4.1\hadoop-common-3.4.1.jar;C:\Users\dragon\.m2\repository\org\apache\hadoop\thirdparty\hadoop-shaded-protobuf_3_25\1.3.0\hadoop-shaded-protobuf_3_25-1.3.0.jar;C:\Users\dragon\.m2\repository\org\apache\hadoop\hadoop-annotations\3.4.1\hadoop-annotations-3.4.1.jar;C:\Users\dragon\.m2\repository\org\apache\hadoop\thirdparty\hadoop-shaded-guava\1.3.0\hadoop-shaded-guava-1.3.0.jar;C:\Users\dragon\.m2\repository\com\google\guava\guava\27.0-jre\guava-27.0-jre.jar;C:\Users\dragon\.m2\repository\com\google\guava\failureaccess\1.0\failureaccess-1.0.jar;C:\Users\dragon\.m2\repository\com\google\guava\listenablefuture\9999.0-empty-to-avoid-conflict-with-guava\listenablefuture-9999.0-empty-to-avoid-conflict-with-guava.jar;C:\Users\dragon\.m2\repository\com\google\j2objc\j2objc-annotations\1.1\j2objc-annotations-1.1.jar;C:\Users\dragon\.m2\repository\org\codehaus\mojo\animal-sniffer-annotations\1.17\animal-sniffer-annotations-1.17.jar;C:\Users\dragon\.m2\repository\commons-cli\commons-cli\1.5.0\commons-cli-1.5.0.jar;C:\Users\dragon\.m2\repository\org\apache\commons\commons-math3\3.6.1\commons-math3-3.6.1.jar;C:\Users\dragon\.m2\repository\org\apache\httpcomponents\httpclient\4.5.13\httpclient-4.5.13.jar;C:\Users\dragon\.m2\repository\org\apache\httpcomponents\httpcore\4.4.16\httpcore-4.4.16.jar;C:\Users\dragon\.m2\repository\commons-codec\commons-codec\1.18.0\commons-codec-1.18.0.jar;C:\Users\dragon\.m2\repository\commons-net\commons-net\3.9.0\commons-net-3.9.0.jar;C:\Users\dragon\.m2\repository\commons-collections\commons-collections\3.2.2\commons-collections-3.2.2.jar;C:\Users\dragon\.m2\repository\javax\servlet\javax.servlet-api\3.1.0\javax.servlet-api-3.1.0.jar;C:\Users\dragon\.m2\repository\jakarta\activation\jakarta.activation-api\2.1.4\jakarta.activation-api-2.1.4.jar;C:\Users\dragon\.m2\repository\org\eclipse\jetty\jetty-server\12.0.27\jetty-server-12.0.27.jar;C:\Users\dragon\.m2\repository\org\eclipse\jetty\jetty-http\12.0.27\jetty-http-12.0.27.jar;C:\Users\dragon\.m2\repository\org\eclipse\jetty\jetty-io\12.0.27\jetty-io-12.0.27.jar;C:\Users\dragon\.m2\repository\org\eclipse\jetty\jetty-util\12.0.27\jetty-util-12.0.27.jar;C:\Users\dragon\.m2\repository\org\eclipse\jetty\jetty-servlet\9.4.53.v20231009\jetty-servlet-9.4.53.v20231009.jar;C:\Users\dragon\.m2\repository\org\eclipse\jetty\jetty-security\12.0.27\jetty-security-12.0.27.jar;C:\Users\dragon\.m2\repository\org\eclipse\jetty\jetty-util-ajax\12.0.27\jetty-util-ajax-12.0.27.jar;C:\Users\dragon\.m2\repository\org\eclipse\jetty\jetty-webapp\9.4.53.v20231009\jetty-webapp-9.4.53.v20231009.jar;C:\Users\dragon\.m2\repository\org\eclipse\jetty\jetty-xml\12.0.27\jetty-xml-12.0.27.jar;C:\Users\dragon\.m2\repository\javax\servlet\jsp\jsp-api\2.1\jsp-api-2.1.jar;C:\Users\dragon\.m2\repository\com\sun\jersey\jersey-core\1.19.4\jersey-core-1.19.4.jar;C:\Users\dragon\.m2\repository\javax\ws\rs\jsr311-api\1.1.1\jsr311-api-1.1.1.jar;C:\Users\dragon\.m2\repository\com\sun\jersey\jersey-servlet\1.19.4\jersey-servlet-1.19.4.jar;C:\Users\dragon\.m2\repository\com\github\pjfanning\jersey-json\1.22.0\jersey-json-1.22.0.jar;C:\Users\dragon\.m2\repository\com\sun\xml\bind\jaxb-impl\4.0.5\jaxb-impl-4.0.5.jar;C:\Users\dragon\.m2\repository\com\sun\xml\bind\jaxb-core\4.0.5\jaxb-core-4.0.5.jar;C:\Users\dragon\.m2\repository\org\codehaus\jettison\jettison\1.5.4\jettison-1.5.4.jar;C:\Users\dragon\.m2\repository\com\sun\jersey\jersey-server\1.19.4\jersey-server-1.19.4.jar;C:\Users\dragon\.m2\repository\ch\qos\reload4j\reload4j\1.2.22\reload4j-1.2.22.jar;C:\Users\dragon\.m2\repository\commons-beanutils\commons-beanutils\1.9.4\commons-beanutils-1.9.4.jar;C:\Users\dragon\.m2\repository\org\apache\commons\commons-configuration2\2.10.1\commons-configuration2-2.10.1.jar;C:\Users\dragon\.m2\repository\org\apache\commons\commons-lang3\3.17.0\commons-lang3-3.17.0.jar;C:\Users\dragon\.m2\repository\org\apache\commons\commons-text\1.10.0\commons-text-1.10.0.jar;C:\Users\dragon\.m2\repository\com\google\re2j\re2j\1.1\re2j-1.1.jar;C:\Users\dragon\.m2\repository\com\google\code\gson\gson\2.13.2\gson-2.13.2.jar;C:\Users\dragon\.m2\repository\org\apache\hadoop\hadoop-auth\3.4.1\hadoop-auth-3.4.1.jar;C:\Users\dragon\.m2\repository\com\nimbusds\nimbus-jose-jwt\9.37.2\nimbus-jose-jwt-9.37.2.jar;C:\Users\dragon\.m2\repository\com\github\stephenc\jcip\jcip-annotations\1.0-1\jcip-annotations-1.0-1.jar;C:\Users\dragon\.m2\repository\org\apache\curator\curator-framework\5.2.0\curator-framework-5.2.0.jar;C:\Users\dragon\.m2\repository\org\apache\kerby\kerb-util\2.0.3\kerb-util-2.0.3.jar;C:\Users\dragon\.m2\repository\org\apache\kerby\kerby-config\2.0.3\kerby-config-2.0.3.jar;C:\Users\dragon\.m2\repository\org\apache\kerby\kerb-crypto\2.0.3\kerb-crypto-2.0.3.jar;C:\Users\dragon\.m2\repository\com\jcraft\jsch\0.1.55\jsch-0.1.55.jar;C:\Users\dragon\.m2\repository\org\apache\curator\curator-client\5.2.0\curator-client-5.2.0.jar;C:\Users\dragon\.m2\repository\org\apache\curator\curator-recipes\5.2.0\curator-recipes-5.2.0.jar;C:\Users\dragon\.m2\repository\com\google\code\findbugs\jsr305\3.0.2\jsr305-3.0.2.jar;C:\Users\dragon\.m2\repository\org\apache\zookeeper\zookeeper\3.8.4\zookeeper-3.8.4.jar;C:\Users\dragon\.m2\repository\org\apache\zookeeper\zookeeper-jute\3.8.4\zookeeper-jute-3.8.4.jar;C:\Users\dragon\.m2\repository\org\apache\yetus\audience-annotations\0.12.0\audience-annotations-0.12.0.jar;C:\Users\dragon\.m2\repository\io\netty\netty-handler\4.1.127.Final\netty-handler-4.1.127.Final.jar;C:\Users\dragon\.m2\repository\io\netty\netty-common\4.1.127.Final\netty-common-4.1.127.Final.jar;C:\Users\dragon\.m2\repository\io\netty\netty-resolver\4.1.127.Final\netty-resolver-4.1.127.Final.jar;C:\Users\dragon\.m2\repository\io\netty\netty-buffer\4.1.127.Final\netty-buffer-4.1.127.Final.jar;C:\Users\dragon\.m2\repository\io\netty\netty-transport\4.1.127.Final\netty-transport-4.1.127.Final.jar;C:\Users\dragon\.m2\repository\io\netty\netty-transport-native-unix-common\4.1.127.Final\netty-transport-native-unix-common-4.1.127.Final.jar;C:\Users\dragon\.m2\repository\io\netty\netty-codec\4.1.127.Final\netty-codec-4.1.127.Final.jar;C:\Users\dragon\.m2\repository\io\netty\netty-transport-native-epoll\4.1.127.Final\netty-transport-native-epoll-4.1.127.Final.jar;C:\Users\dragon\.m2\repository\io\netty\netty-transport-classes-epoll\4.1.127.Final\netty-transport-classes-epoll-4.1.127.Final.jar;C:\Users\dragon\.m2\repository\io\dropwizard\metrics\metrics-core\3.2.4\metrics-core-3.2.4.jar;C:\Users\dragon\.m2\repository\org\bouncycastle\bcprov-jdk18on\1.78.1\bcprov-jdk18on-1.78.1.jar;C:\Users\dragon\.m2\repository\org\apache\kerby\kerb-core\2.0.3\kerb-core-2.0.3.jar;C:\Users\dragon\.m2\repository\org\apache\kerby\kerby-pkix\2.0.3\kerby-pkix-2.0.3.jar;C:\Users\dragon\.m2\repository\org\apache\kerby\kerby-asn1\2.0.3\kerby-asn1-2.0.3.jar;C:\Users\dragon\.m2\repository\org\apache\kerby\kerby-util\2.0.3\kerby-util-2.0.3.jar;C:\Users\dragon\.m2\repository\org\codehaus\woodstox\stax2-api\4.2.1\stax2-api-4.2.1.jar;C:\Users\dragon\.m2\repository\com\fasterxml\woodstox\woodstox-core\5.4.0\woodstox-core-5.4.0.jar;C:\Users\dragon\.m2\repository\dnsjava\dnsjava\3.6.1\dnsjava-3.6.1.jar;C:\Users\dragon\.m2\repository\org\springframework\boot\spring-boot-devtools\3.5.6\spring-boot-devtools-3.5.6.jar;C:\Users\dragon\.m2\repository\org\springframework\boot\spring-boot\3.5.6\spring-boot-3.5.6.jar;C:\Users\dragon\.m2\repository\org\springframework\boot\spring-boot-autoconfigure\3.5.6\spring-boot-autoconfigure-3.5.6.jar;C:\Users\dragon\.m2\repository\jakarta\xml\bind\jakarta.xml.bind-api\4.0.2\jakarta.xml.bind-api-4.0.2.jar;C:\Users\dragon\.m2\repository\org\springframework\spring-core\6.2.11\spring-core-6.2.11.jar;C:\Users\dragon\.m2\repository\org\springframework\spring-jcl\6.2.11\spring-jcl-6.2.11.jar
Launcher Type: SUN_STANDARD

[Global flags]
     intx CICompilerCount                          = 4                                         {product} {ergonomic}
     uint ConcGCThreads                            = 2                                         {product} {ergonomic}
     uint G1ConcRefinementThreads                  = 8                                         {product} {ergonomic}
   size_t G1HeapRegionSize                         = 2097152                                   {product} {ergonomic}
    uintx GCDrainStackTargetSize                   = 64                                        {product} {ergonomic}
   size_t InitialHeapSize                          = 266338304                                 {product} {ergonomic}
     bool ManagementServer                         = true                                      {product} {command line}
   size_t MarkStackSize                            = 4194304                                   {product} {ergonomic}
   size_t MaxHeapSize                              = 4242538496                                {product} {ergonomic}
   size_t MaxNewSize                               = 2543845376                                {product} {ergonomic}
   size_t MinHeapDeltaBytes                        = 2097152                                   {product} {ergonomic}
   size_t MinHeapSize                              = 8388608                                   {product} {ergonomic}
    uintx NonNMethodCodeHeapSize                   = 4096                                   {pd product} {ergonomic}
    uintx NonProfiledCodeHeapSize                  = 0                                      {pd product} {ergonomic}
     bool ProfileInterpreter                       = false                                  {pd product} {command line}
    uintx ProfiledCodeHeapSize                     = 0                                      {pd product} {ergonomic}
     bool ShowCodeDetailsInExceptionMessages       = true                                   {manageable} {command line}
   size_t SoftMaxHeapSize                          = 4242538496                             {manageable} {ergonomic}
     intx TieredStopAtLevel                        = 1                                         {product} {command line}
     bool UseCompressedOops                        = true                           {product lp64_product} {ergonomic}
     bool UseG1GC                                  = true                                      {product} {ergonomic}
     bool UseLargePagesIndividualAllocation        = false                                  {pd product} {ergonomic}

Logging:
Log output configuration:
 #0: stdout all=warning uptime,level,tags foldmultilines=false
 #1: stderr all=off uptime,level,tags foldmultilines=false

Environment Variables:
JAVA_HOME=C:\Program Files\Eclipse Adoptium\jdk-21.0.8.9-hotspot
CLASSPATH=%JAVA_HOME%\lib
PATH=D:\project\dev_boot_project\sts-4.32.0.RELEASE\plugins\org.eclipse.justj.openjdk.hotspot.jre.full.win32.x86_64_21.0.8.v20250724-1412\jre\bin;D:/project/dev_boot_project/sts-4.32.0.RELEASE//plugins/org.eclipse.justj.openjdk.hotspot.jre.full.win32.x86_64_21.0.8.v20250724-1412/jre/bin/server;D:/project/dev_boot_project/sts-4.32.0.RELEASE//plugins/org.eclipse.justj.openjdk.hotspot.jre.full.win32.x86_64_21.0.8.v20250724-1412/jre/bin;%JAVA_HOME%\bin;D:\app\dragon\product\11.2.0\dbhome_1\bin;C:\Program Files (x86)\Intel\Intel(R) Management Engine Components\iCLS\;C:\Program Files\Intel\Intel(R) Management Engine Components\iCLS\;C:\WINDOWS\system32;C:\WINDOWS;C:\WINDOWS\System32\Wbem;C:\WINDOWS\System32\WindowsPowerShell\v1.0\;C:\WINDOWS\System32\OpenSSH\;C:\Program Files (x86)\Intel\Intel(R) Management Engine Components\DAL;C:\Program Files\Intel\Intel(R) Management Engine Components\DAL;C:\Program Files\Git\cmd;C:\dev\apache-maven-3.9.11\bin;C:\Python310\Scripts\;C:\Python310\;C:\Program Files\Eclipse Adoptium\jdk-21\bin;C:\Program Files\Eclipse Adoptium\jdk-21\bin;D:\app\dragon\product\11.2.0\dbhome_1\bin;C:\Program Files (x86)\Intel\Intel(R) Management Engine Components\iCLS\;C:\Program Files\Intel\Intel(R) Management Engine Components\iCLS\;C:\WINDOWS\system32;C:\WINDOWS;C:\WINDOWS\System32\Wbem;C:\WINDOWS\System32\WindowsPowerShell\v1.0\;C:\WINDOWS\System32\OpenSSH\;C:\Program Files (x86)\Intel\Intel(R) Management Engine Components\DAL;C:\Program Files\Intel\Intel(R) Management Engine Components\DAL;C:\Program Files\Git\cmd;C:\dev\apache-maven-3.9.11\bin;C:\Program Files\Eclipse Adoptium\jdk-21\bin;C:\Program Files\Eclipse Adoptium\jdk-21.0.8.9-hotspot\bin;C:\Program Files\Java\jdk-11\bin;C:\Program Files\Eclipse Adoptium\jdk-21.0.8.9-hotspot\bin;;D:\project\dev_boot_project\sts-4.32.0.RELEASE;
USERNAME=dragon
OS=Windows_NT
PROCESSOR_IDENTIFIER=Intel64 Family 6 Model 142 Stepping 11, GenuineIntel
TMP=C:\Users\dragon\AppData\Local\Temp
TEMP=C:\Users\dragon\AppData\Local\Temp




Periodic native trim disabled

---------------  S Y S T E M  ---------------

OS:
 Windows 11 , 64 bit Build 26100 (10.0.26100.7623)
OS uptime: 0 days 0:42 hours

CPU: total 8 (initial active 8) (4 cores per cpu, 2 threads per core) family 6 model 142 stepping 11 microcode 0xde, cx8, cmov, fxsr, ht, mmx, 3dnowpref, sse, sse2, sse3, ssse3, sse4.1, sse4.2, popcnt, lzcnt, tsc, tscinvbit, avx, avx2, aes, erms, clmul, bmi1, bmi2, adx, fma, vzeroupper, clflush, clflushopt, rdtscp, f16c
Processor Information for the first 8 processors :
  Max Mhz: 1992, Current Mhz: 1792, Mhz Limit: 1792

Memory: 4k page, system-wide physical 16178M (6532M free)
TotalPageFile size 16178M (AvailPageFile size 2430M)
current process WorkingSet (physical memory assigned to process): 398M, peak: 424M
current process commit charge ("private bytes"): 432M, peak: 476M

vm_info: OpenJDK 64-Bit Server VM (21.0.8+9-LTS) for windows-amd64 JRE (21.0.8+9-LTS), built on 2025-07-15T00:00:00Z by "admin" with MS VC++ 17.7 (VS2022)

END.
