#
# A fatal error has been detected by the Java Runtime Environment:
#
#  EXCEPTION_ACCESS_VIOLATION (0xc0000005) at pc=0x00007ffb0353a7a8, pid=17804, tid=12548
#
# JRE version: OpenJDK Runtime Environment Temurin-21.0.8+9 (21.0.8+9) (build 21.0.8+9-LTS)
# Java VM: OpenJDK 64-Bit Server VM Temurin-21.0.8+9 (21.0.8+9-LTS, mixed mode, emulated-client, sharing, tiered, compressed oops, compressed class ptrs, g1 gc, windows-amd64)
# Problematic frame:
# V  [jvm.dll+0x35a7a8]
#
# No core dump will be written. Minidumps are not enabled by default on client versions of Windows
#
# If you would like to submit a bug report, please visit:
#   https://github.com/adoptium/adoptium-support/issues
#

---------------  S U M M A R Y ------------

Command Line: -XX:+ShowCodeDetailsInExceptionMessages -agentlib:jdwp=transport=dt_socket,suspend=y,address=localhost:59863 -Dcom.sun.management.jmxremote -Dcom.sun.management.jmxremote.port=59862 -Dcom.sun.management.jmxremote.authenticate=false -Dcom.sun.management.jmxremote.ssl=false -Djava.rmi.server.hostname=localhost -Dspring.jmx.enabled=true -Dmanagement.endpoints.jmx.exposure.include=* -Dspring.application.admin.enabled=true -Dspring.profiles.active=local -Dspring.output.ansi.enabled=always -XX:TieredStopAtLevel=1 -Dspring.boot.project.name=MyBaseLinkV2 -javaagent:D:\project\dev_boot_project\sts-4.32.0.RELEASE\configuration\org.eclipse.osgi\272\0\.cp\lib\javaagent-shaded.jar -Dfile.encoding=UTF-8 -Dstdout.encoding=UTF-8 -Dstderr.encoding=UTF-8 com.mybaselinkV2.app.MyBaseLinkV2Application

Host: Intel(R) Core(TM) i7-8565U CPU @ 1.80GHz, 8 cores, 15G,  Windows 11 , 64 bit Build 26100 (10.0.26100.7623)
Time: Wed Jan 21 23:21:33 2026 elapsed time: 2384.467165 seconds (0d 0h 39m 44s)

---------------  T H R E A D  ---------------

Current thread (0x0000029f58652090):  WorkerThread "GC Thread#5"    [id=12548, stack(0x000000e5d5200000,0x000000e5d5300000) (1024K)]

Stack: [0x000000e5d5200000,0x000000e5d5300000],  sp=0x000000e5d52fe070,  free space=1016k
Native frames: (J=compiled Java code, j=interpreted, Vv=VM code, C=native code)
V  [jvm.dll+0x35a7a8]
V  [jvm.dll+0x368d54]
V  [jvm.dll+0x31758b]
V  [jvm.dll+0x316fdd]
V  [jvm.dll+0x3f18b5]
V  [jvm.dll+0x8581b6]
V  [jvm.dll+0x861fa1]
V  [jvm.dll+0x36944a]
V  [jvm.dll+0x3692da]
V  [jvm.dll+0x370bb4]
V  [jvm.dll+0x370d2b]
V  [jvm.dll+0x8dc2e7]
V  [jvm.dll+0x857e6b]
V  [jvm.dll+0x6d0b0d]
C  [ucrtbase.dll+0x37b0]
C  [KERNEL32.DLL+0x2e8d7]
C  [ntdll.dll+0x8c53c]

JavaThread 0x0000029f613088b0 (nid = 12496) was being processed
Java frames: (J=compiled Java code, j=interpreted, Vv=VM code)
j  java.lang.invoke.DirectMethodHandle$Holder.newInvokeSpecial(Ljava/lang/Object;)Ljava/lang/Object;+15 java.base@21.0.8
J 991 c1 jdk.internal.reflect.DirectConstructorHandleAccessor.newInstance([Ljava/lang/Object;)Ljava/lang/Object; java.base@21.0.8 (130 bytes) @ 0x0000029f48f3f1ec [0x0000029f48f3efe0+0x000000000000020c]
J 990 c1 java.lang.reflect.Constructor.newInstanceWithCaller([Ljava/lang/Object;ZLjava/lang/Class;)Ljava/lang/Object; java.base@21.0.8 (51 bytes) @ 0x0000029f48f3923c [0x0000029f48f39160+0x00000000000000dc]
J 3993 c1 org.springframework.beans.BeanUtils.instantiateClass(Ljava/lang/reflect/Constructor;[Ljava/lang/Object;)Ljava/lang/Object; (208 bytes) @ 0x0000029f494b5884 [0x0000029f494b5300+0x0000000000000584]
J 20448 c1 org.springframework.beans.factory.support.SimpleInstantiationStrategy.instantiate(Lorg/springframework/beans/factory/support/RootBeanDefinition;Ljava/lang/String;Lorg/springframework/beans/factory/BeanFactory;)Ljava/lang/Object; (123 bytes) @ 0x0000029f49a9b9dc [0x0000029f49a9b520+0x00000000000004bc]
J 20447 c1 org.springframework.beans.factory.support.AbstractAutowireCapableBeanFactory.instantiateBean(Ljava/lang/String;Lorg/springframework/beans/factory/support/RootBeanDefinition;)Lorg/springframework/beans/BeanWrapper; (51 bytes) @ 0x0000029f49a9a974 [0x0000029f49a9a8c0+0x00000000000000b4]
J 20008 c1 org.springframework.beans.factory.support.AbstractAutowireCapableBeanFactory.createBeanInstance(Ljava/lang/String;Lorg/springframework/beans/factory/support/RootBeanDefinition;[Ljava/lang/Object;)Lorg/springframework/beans/BeanWrapper; (245 bytes) @ 0x0000029f4977ec7c [0x0000029f4977e640+0x000000000000063c]
J 20002 c1 org.springframework.beans.factory.support.AbstractAutowireCapableBeanFactory.doCreateBean(Ljava/lang/String;Lorg/springframework/beans/factory/support/RootBeanDefinition;[Ljava/lang/Object;)Ljava/lang/Object; (465 bytes) @ 0x0000029f49ad662c [0x0000029f49ad6480+0x00000000000001ac]
J 20006 c1 org.springframework.beans.factory.support.AbstractAutowireCapableBeanFactory.createBean(Ljava/lang/String;Lorg/springframework/beans/factory/support/RootBeanDefinition;[Ljava/lang/Object;)Ljava/lang/Object; (214 bytes) @ 0x0000029f4a09fbac [0x0000029f4a09f6c0+0x00000000000004ec]
J 20011 c1 org.springframework.beans.factory.support.AbstractBeanFactory$$Lambda+0x0000029f01346e98.getObject()Ljava/lang/Object; (20 bytes) @ 0x0000029f4977dbbc [0x0000029f4977db20+0x000000000000009c]
J 20005 c1 org.springframework.beans.factory.support.DefaultSingletonBeanRegistry.getSingleton(Ljava/lang/String;Lorg/springframework/beans/factory/ObjectFactory;)Ljava/lang/Object; (1299 bytes) @ 0x0000029f496753b4 [0x0000029f49674100+0x00000000000012b4]
J 3830 c1 org.springframework.beans.factory.support.AbstractBeanFactory.doGetBean(Ljava/lang/String;Ljava/lang/Class;[Ljava/lang/Object;Z)Ljava/lang/Object; (787 bytes) @ 0x0000029f4946a22c [0x0000029f49469ba0+0x000000000000068c]
J 20115 c1 org.springframework.beans.factory.support.DefaultListableBeanFactory.doResolveDependency(Lorg/springframework/beans/factory/config/DependencyDescriptor;Ljava/lang/String;Ljava/util/Set;Lorg/springframework/beans/TypeConverter;)Ljava/lang/Object; (703 bytes) @ 0x0000029f48d63dcc [0x0000029f48d62000+0x0000000000001dcc]
J 20111 c1 org.springframework.beans.factory.support.DefaultListableBeanFactory.resolveDependency(Lorg/springframework/beans/factory/config/DependencyDescriptor;Ljava/lang/String;Ljava/util/Set;Lorg/springframework/beans/TypeConverter;)Ljava/lang/Object; (121 bytes) @ 0x0000029f497595dc [0x0000029f49759400+0x00000000000001dc]
J 20182 c1 org.springframework.beans.factory.support.ConstructorResolver.resolveAutowiredArgument(Lorg/springframework/beans/factory/config/DependencyDescriptor;Ljava/lang/Class;Ljava/lang/String;Ljava/util/Set;Lorg/springframework/beans/TypeConverter;Z)Ljava/lang/Object; (117 bytes) @ 0x0000029f48d48744 [0x0000029f48d48500+0x0000000000000244]
J 20407 c1 org.springframework.beans.factory.support.ConstructorResolver.createArgumentArray(Ljava/lang/String;Lorg/springframework/beans/factory/support/RootBeanDefinition;Lorg/springframework/beans/factory/config/ConstructorArgumentValues;Lorg/springframework/beans/BeanWrapper;[Ljava/lang/Class;[Ljava/lang/String;Ljava/lang/reflect/Executable;ZZ)Lorg/springframework/beans/factory/support/ConstructorResolver$ArgumentsHolder; (533 bytes) @ 0x0000029f4957b454 [0x0000029f4957a580+0x0000000000000ed4]
J 22493 c1 org.springframework.beans.factory.support.ConstructorResolver.autowireConstructor(Ljava/lang/String;Lorg/springframework/beans/factory/support/RootBeanDefinition;[Ljava/lang/reflect/Constructor;[Ljava/lang/Object;)Lorg/springframework/beans/BeanWrapper; (921 bytes) @ 0x0000029f4a85db64 [0x0000029f4a85cbe0+0x0000000000000f84]
J 20008 c1 org.springframework.beans.factory.support.AbstractAutowireCapableBeanFactory.createBeanInstance(Ljava/lang/String;Lorg/springframework/beans/factory/support/RootBeanDefinition;[Ljava/lang/Object;)Lorg/springframework/beans/BeanWrapper; (245 bytes) @ 0x0000029f4977ed84 [0x0000029f4977e640+0x0000000000000744]
J 20002 c1 org.springframework.beans.factory.support.AbstractAutowireCapableBeanFactory.doCreateBean(Ljava/lang/String;Lorg/springframework/beans/factory/support/RootBeanDefinition;[Ljava/lang/Object;)Ljava/lang/Object; (465 bytes) @ 0x0000029f49ad662c [0x0000029f49ad6480+0x00000000000001ac]
J 20006 c1 org.springframework.beans.factory.support.AbstractAutowireCapableBeanFactory.createBean(Ljava/lang/String;Lorg/springframework/beans/factory/support/RootBeanDefinition;[Ljava/lang/Object;)Ljava/lang/Object; (214 bytes) @ 0x0000029f4a09fbac [0x0000029f4a09f6c0+0x00000000000004ec]
J 20011 c1 org.springframework.beans.factory.support.AbstractBeanFactory$$Lambda+0x0000029f01346e98.getObject()Ljava/lang/Object; (20 bytes) @ 0x0000029f4977dbbc [0x0000029f4977db20+0x000000000000009c]
J 20005 c1 org.springframework.beans.factory.support.DefaultSingletonBeanRegistry.getSingleton(Ljava/lang/String;Lorg/springframework/beans/factory/ObjectFactory;)Ljava/lang/Object; (1299 bytes) @ 0x0000029f496753b4 [0x0000029f49674100+0x00000000000012b4]
J 3830 c1 org.springframework.beans.factory.support.AbstractBeanFactory.doGetBean(Ljava/lang/String;Ljava/lang/Class;[Ljava/lang/Object;Z)Ljava/lang/Object; (787 bytes) @ 0x0000029f4946a22c [0x0000029f49469ba0+0x000000000000068c]
J 20402 c1 org.springframework.beans.factory.support.DefaultListableBeanFactory.instantiateSingleton(Ljava/lang/String;)V (56 bytes) @ 0x0000029f49ae27f4 [0x0000029f49ae23a0+0x0000000000000454]
J 20401 c1 org.springframework.beans.factory.support.DefaultListableBeanFactory.preInstantiateSingleton(Ljava/lang/String;Lorg/springframework/beans/factory/support/RootBeanDefinition;)Ljava/util/concurrent/CompletableFuture; (165 bytes) @ 0x0000029f49ae33bc [0x0000029f49ae3100+0x00000000000002bc]
j  org.springframework.beans.factory.support.DefaultListableBeanFactory.preInstantiateSingletons()V+123
j  org.springframework.context.support.AbstractApplicationContext.finishBeanFactoryInitialization(Lorg/springframework/beans/factory/config/ConfigurableListableBeanFactory;)V+284
j  org.springframework.context.support.AbstractApplicationContext.refresh()V+94
j  org.springframework.boot.web.servlet.context.ServletWebServerApplicationContext.refresh()V+1
j  org.springframework.boot.SpringApplication.refresh(Lorg/springframework/context/ConfigurableApplicationContext;)V+1
j  org.springframework.boot.SpringApplication.refreshContext(Lorg/springframework/context/ConfigurableApplicationContext;)V+19
j  org.springframework.boot.SpringApplication.run([Ljava/lang/String;)Lorg/springframework/context/ConfigurableApplicationContext;+113
j  org.springframework.boot.SpringApplication.run([Ljava/lang/Class;[Ljava/lang/String;)Lorg/springframework/context/ConfigurableApplicationContext;+9
j  org.springframework.boot.SpringApplication.run(Ljava/lang/Class;[Ljava/lang/String;)Lorg/springframework/context/ConfigurableApplicationContext;+9
j  com.mybaselinkV2.app.MyBaseLinkV2Application.main([Ljava/lang/String;)V+21
J 16629 c1 java.lang.invoke.LambdaForm$DMH+0x0000029f01004c00.invokeStatic(Ljava/lang/Object;Ljava/lang/Object;)V java.base@21.0.8 (14 bytes) @ 0x0000029f48e7a234 [0x0000029f48e7a1c0+0x0000000000000074]
j  java.lang.invoke.LambdaForm$MH+0x0000029f01ce3400.invoke(Ljava/lang/Object;Ljava/lang/Object;Ljava/lang/Object;)Ljava/lang/Object;+33 java.base@21.0.8
J 4401 c1 jdk.internal.reflect.DirectMethodHandleAccessor.invoke(Ljava/lang/Object;[Ljava/lang/Object;)Ljava/lang/Object; java.base@21.0.8 (92 bytes) @ 0x0000029f4956d384 [0x0000029f4956d020+0x0000000000000364]
J 4406 c1 java.lang.reflect.Method.invoke(Ljava/lang/Object;[Ljava/lang/Object;)Ljava/lang/Object; java.base@21.0.8 (108 bytes) @ 0x0000029f4956b574 [0x0000029f4956b380+0x00000000000001f4]
j  org.springframework.boot.devtools.restart.RestartLauncher.run()V+47
v  ~StubRoutines::call_stub 0x0000029f48ae100d

siginfo: EXCEPTION_ACCESS_VIOLATION (0xc0000005), reading address 0xffffffffffffffff


Registers:
RAX=0xd55b3a1a91d8d5ca, RBX=0x0000000000000001, RCX=0x000000000006f68b, RDX=0x000000000006f68b
RSP=0x000000e5d52fe070, RBP=0x0000000000000000, RSI=0x000000e5d52fe410, RDI=0x000000e5d48fbcf0
R8 =0x0000029f45171050, R9 =0x000000000e568c00, R10=0x0000029f48ae0000, R11=0x000000e5d52fe2b8
R12=0x000000000e568c00, R13=0x000000e5d48fbcf0, R14=0x0000029f5c1bf580, R15=0x0000029f0072b44f
RIP=0x00007ffb0353a7a8, EFLAGS=0x0000000000010206

XMM[0]=0x3b3b3b3b3b3b3b3b 0x3b3b3b3b3b3b3b3b
XMM[1]=0x0000000000000000 0x00000000000000ff
XMM[2]=0x0000000000000000 0x0000000000000000
XMM[3]=0x0000000000000000 0x40a2a0ea2848f465
XMM[4]=0x0000000000000000 0x0000000000000000
XMM[5]=0x0000000000000000 0x0000000000000000
XMM[6]=0x0000000000000000 0x0000000000000000
XMM[7]=0x0000000000000000 0x0000000000000000
XMM[8]=0x0000000000000000 0x0000000000000000
XMM[9]=0x0000000000000000 0x0000000000000000
XMM[10]=0x0000000000000000 0x0000000000000000
XMM[11]=0x0000000000000000 0x0000000000000000
XMM[12]=0x0000000000000000 0x0000000000000000
XMM[13]=0x0000000000000000 0x0000000000000000
XMM[14]=0x0000000000000000 0x0000000000000000
XMM[15]=0x0000000000000000 0x0000000000000000
  MXCSR=0x00001fa0


Register to memory mapping:

RAX=0xd55b3a1a91d8d5ca is an unknown value
RBX=0x0000000000000001 is an unknown value
RCX=0x000000000006f68b is an unknown value
RDX=0x000000000006f68b is an unknown value
RSP=0x000000e5d52fe070 points into unknown readable memory: 0x0000000000000000 | 00 00 00 00 00 00 00 00
RBP=0x0 is null
RSI=0x000000e5d52fe410 points into unknown readable memory: 0x000000e5d48fbce8 | e8 bc 8f d4 e5 00 00 00
RDI=0x000000e5d48fbcf0 is pointing into the stack for thread: 0x0000029f613088b0
R8 =0x0000029f45171050 points into unknown readable memory: 0x00007ffb03c0ad50 | 50 ad c0 03 fb 7f 00 00
R9 =0x000000000e568c00 is an unknown value
R10=0x0000029f48ae0000 points into unknown readable memory: 0x0000000000000006 | 06 00 00 00 00 00 00 00
R11=0x000000e5d52fe2b8 points into unknown readable memory: 0x00007ffb034f6fdd | dd 6f 4f 03 fb 7f 00 00
R12=0x000000000e568c00 is an unknown value
R13=0x000000e5d48fbcf0 is pointing into the stack for thread: 0x0000029f613088b0
R14=0x0000029f5c1bf580 points into unknown readable memory: 0x00007ffb03c12068 | 68 20 c1 03 fb 7f 00 00
R15=0x0000029f0072b44f is pointing into metadata

Top of Stack: (sp=0x000000e5d52fe070)
0x000000e5d52fe070:   0000000000000000 0000000000000000
0x000000e5d52fe080:   0000000000000000 0000000000000000
0x000000e5d52fe090:   0000000000000000 0000000000000000
0x000000e5d52fe0a0:   000000e5d48fbcf0 d55b3a1a91d8d5ca
0x000000e5d52fe0b0:   0000000000000000 0000000000000000
0x000000e5d52fe0c0:   0000000000000000 0000000000000000
0x000000e5d52fe0d0:   0000029f537e76e0 0000029f5376f4d0
0x000000e5d52fe0e0:   0000029f005427f8 000000e5d48fbcf0
0x000000e5d52fe0f0:   000000e5d52fe410 000000e5d52fe240
0x000000e5d52fe100:   0000029f5c044628 00007ffb03548d54
0x000000e5d52fe110:   000000e5d52f0001 000000e5d52f0100
0x000000e5d52fe120:   0000029f00480090 0000000000000000
0x000000e5d52fe130:   0000029f5c044628 00007ffb034f758b
0x000000e5d52fe140:   0000000000000001 0000029f000b5da0
0x000000e5d52fe150:   0000029f5c044628 0000000000000000
0x000000e5d52fe160:   0000000f00000001 0000029f000b5da0
0x000000e5d52fe170:   0000029f58652090 0000029f00000003
0x000000e5d52fe180:   00000000000003d8 0000029f5376f4e0
0x000000e5d52fe190:   0000029f5376f8b8 0000029f0072b44f
0x000000e5d52fe1a0:   00000000000000b8 0000029f000b5da0
0x000000e5d52fe1b0:   0000000000000000 0000000000000000
0x000000e5d52fe1c0:   0000000000000000 0000000000000000
0x000000e5d52fe1d0:   0000029f005427f8 0000001300000001
0x000000e5d52fe1e0:   0000000000000032 000000010000000c
0x000000e5d52fe1f0:   0000029f00480090 0000000000000000
0x000000e5d52fe200:   0000000000000000 0000000000000000
0x000000e5d52fe210:   0000000000000000 0000000000000000
0x000000e5d52fe220:   0000000000000000 0000000000000000
0x000000e5d52fe230:   0000000000000000 0000000000000000
0x000000e5d52fe240:   0000000000000000 0000000000000000
0x000000e5d52fe250:   0000000000000000 0000000000000000
0x000000e5d52fe260:   0000000000000000 0000000000000000 

Instructions: (pc=0x00007ffb0353a7a8)
0x00007ffb0353a6a8:   55 41 56 41 57 48 83 ec 58 80 3d b7 6e 8d 00 00
0x00007ffb0353a6b8:   49 8b f9 4d 8b e8 0f b7 da 4c 8b f1 74 16 45 8b
0x00007ffb0353a6c8:   78 08 8b 0d 68 59 8d 00 49 d3 e7 4c 03 3d 56 59
0x00007ffb0353a6d8:   8d 00 eb 04 4d 8b 78 08 49 8b d7 49 8b cd e8 65
0x00007ffb0353a6e8:   1e cb ff 4c 8b e0 48 89 7c 24 30 33 c0 8b e8 0f
0x00007ffb0353a6f8:   b7 c3 66 c1 e8 08 66 89 84 24 a0 00 00 00 84 c0
0x00007ffb0353a708:   75 52 48 8b cf 83 e1 03 83 3d d9 74 8d 00 02 75
0x00007ffb0353a718:   09 48 83 f9 02 0f 94 c1 eb 05 f6 d1 80 e1 01 84
0x00007ffb0353a728:   c9 75 05 48 8b ef eb 12 48 8d 54 24 40 48 8d 4c
0x00007ffb0353a738:   24 30 e8 61 f1 2f 00 48 8b 28 48 c1 ed 03 83 e5
0x00007ffb0353a748:   0f 41 3b ae 80 01 00 00 73 0a 66 89 9c 24 a8 00
0x00007ffb0353a758:   00 00 eb 12 66 c7 84 24 a8 00 00 00 00 01 0f b7
0x00007ffb0353a768:   9c 24 a8 00 00 00 4d 8b 46 08 49 8b d5 66 c1 eb
0x00007ffb0353a778:   08 41 8b 88 18 02 00 00 49 8b 80 10 02 00 00 48
0x00007ffb0353a788:   d3 e0 8b 0d 20 2d 94 00 48 2b d0 49 8b 80 f8 01
0x00007ffb0353a798:   00 00 48 d3 ea 8b ca 48 8b 04 c8 48 89 44 24 38
0x00007ffb0353a7a8:   44 8b 80 8c 00 00 00 48 0f be c3 48 6b c8 38 49
0x00007ffb0353a7b8:   8b 46 70 44 89 84 24 b0 00 00 00 48 8b 54 01 10
0x00007ffb0353a7c8:   84 db 75 04 4a 8d 14 c2 48 8b 0a 48 8b 71 30 48
0x00007ffb0353a7d8:   8b 41 38 48 2b c6 48 c1 e8 03 49 3b c4 72 74 4a
0x00007ffb0353a7e8:   8d 1c e5 00 00 00 00 48 89 9c 24 b8 00 00 00 48
0x00007ffb0353a7f8:   8d 04 33 48 89 41 30 48 85 f6 74 67 4d 8b c4 48
0x00007ffb0353a808:   8b d6 49 8b cd e8 2e 08 cb ff 48 8b ce 48 8b c7
0x00007ffb0353a818:   48 83 c9 03 f0 49 0f b1 4d 00 48 8b d8 0f 84 81
0x00007ffb0353a828:   00 00 00 48 83 e3 fc 74 7b 8b 84 24 b0 00 00 00
0x00007ffb0353a838:   4d 8b cc 0f b7 94 24 a8 00 00 00 4c 8b c6 49 8b
0x00007ffb0353a848:   4e 70 89 44 24 20 e8 dd 36 fc ff 48 8b c3 e9 34
0x00007ffb0353a858:   03 00 00 4a 8d 04 e5 00 00 00 00 48 89 84 24 b8
0x00007ffb0353a868:   00 00 00 44 89 44 24 28 48 8d 94 24 a8 00 00 00
0x00007ffb0353a878:   4d 8b c5 89 6c 24 20 4d 8b cc 49 8b ce e8 c6 fb
0x00007ffb0353a888:   ff ff 48 8b f0 48 85 c0 0f 85 6e ff ff ff 4d 8b
0x00007ffb0353a898:   cc 4c 8b c7 49 8b d5 49 8b ce e8 b9 06 00 00 e9 


Stack slot to memory mapping:

stack at sp + 0 slots: 0x0 is null
stack at sp + 1 slots: 0x0 is null
stack at sp + 2 slots: 0x0 is null
stack at sp + 3 slots: 0x0 is null
stack at sp + 4 slots: 0x0 is null
stack at sp + 5 slots: 0x0 is null
stack at sp + 6 slots: 0x000000e5d48fbcf0 is pointing into the stack for thread: 0x0000029f613088b0
stack at sp + 7 slots: 0xd55b3a1a91d8d5ca is an unknown value


---------------  P R O C E S S  ---------------

Threads class SMR info:
_java_thread_list=0x0000029f5c67e1f0, length=30, elements={
0x0000029f534ebb00, 0x0000029f534ed370, 0x0000029f534f11e0, 0x0000029f534f5460,
0x0000029f53500a40, 0x0000029f53502410, 0x0000029f5350c720, 0x0000029f53769780,
0x0000029f537e2120, 0x0000029f537eb6d0, 0x0000029f537edd60, 0x0000029f5376b850,
0x0000029f5376bee0, 0x0000029f5376ab30, 0x0000029f53768a60, 0x0000029f53769e10,
0x0000029f5376b1c0, 0x0000029f58d5e510, 0x0000029f5bce62e0, 0x0000029f5bce4210,
0x0000029f5bce3b80, 0x0000029f5bce4f30, 0x0000029f6130e490, 0x0000029f6130f1b0,
0x0000029f6130d0e0, 0x0000029f613088b0, 0x0000029f6130b6a0, 0x0000029f6130c3c0,
0x0000029f61308f40, 0x0000029f6130b010
}

Java Threads: ( => current thread )
  0x0000029f534ebb00 JavaThread "Reference Handler"          daemon [_thread_blocked, id=14340, stack(0x000000e5d4000000,0x000000e5d4100000) (1024K)]
  0x0000029f534ed370 JavaThread "Finalizer"                  daemon [_thread_blocked, id=17612, stack(0x000000e5d4100000,0x000000e5d4200000) (1024K)]
  0x0000029f534f11e0 JavaThread "Signal Dispatcher"          daemon [_thread_blocked, id=1608, stack(0x000000e5d4200000,0x000000e5d4300000) (1024K)]
  0x0000029f534f5460 JavaThread "Attach Listener"            daemon [_thread_blocked, id=12796, stack(0x000000e5d4300000,0x000000e5d4400000) (1024K)]
  0x0000029f53500a40 JavaThread "Service Thread"             daemon [_thread_blocked, id=15144, stack(0x000000e5d4400000,0x000000e5d4500000) (1024K)]
  0x0000029f53502410 JavaThread "Monitor Deflation Thread"   daemon [_thread_blocked, id=12872, stack(0x000000e5d4500000,0x000000e5d4600000) (1024K)]
  0x0000029f5350c720 JavaThread "C1 CompilerThread0"         daemon [_thread_blocked, id=14124, stack(0x000000e5d4600000,0x000000e5d4700000) (1024K)]
  0x0000029f53769780 JavaThread "Common-Cleaner"             daemon [_thread_blocked, id=13136, stack(0x000000e5d4700000,0x000000e5d4800000) (1024K)]
  0x0000029f537e2120 JavaThread "JDWP Transport Listener: dt_socket" daemon [_thread_blocked, id=6056, stack(0x000000e5d4b00000,0x000000e5d4c00000) (1024K)]
  0x0000029f537eb6d0 JavaThread "JDWP Event Helper Thread"   daemon [_thread_blocked, id=12800, stack(0x000000e5d4c00000,0x000000e5d4d00000) (1024K)]
  0x0000029f537edd60 JavaThread "JDWP Command Reader"        daemon [_thread_in_native, id=2764, stack(0x000000e5d4d00000,0x000000e5d4e00000) (1024K)]
  0x0000029f5376b850 JavaThread "Notification Thread"        daemon [_thread_blocked, id=11496, stack(0x000000e5d5300000,0x000000e5d5400000) (1024K)]
  0x0000029f5376bee0 JavaThread "RMI TCP Accept-0"           daemon [_thread_in_native, id=4100, stack(0x000000e5d5400000,0x000000e5d5500000) (1024K)]
  0x0000029f5376ab30 JavaThread "RMI TCP Accept-59862"       daemon [_thread_in_native, id=9788, stack(0x000000e5d5500000,0x000000e5d5600000) (1024K)]
  0x0000029f53768a60 JavaThread "RMI TCP Accept-0"           daemon [_thread_in_native, id=14076, stack(0x000000e5d5600000,0x000000e5d5700000) (1024K)]
  0x0000029f53769e10 JavaThread "RMI Scheduler(0)"           daemon [_thread_blocked, id=7544, stack(0x000000e5d5a00000,0x000000e5d5b00000) (1024K)]
  0x0000029f5376b1c0 JavaThread "JMX server connection timeout 38" daemon [_thread_blocked, id=16496, stack(0x000000e5d5c00000,0x000000e5d5d00000) (1024K)]
  0x0000029f58d5e510 JavaThread "Live Reload Server"         daemon [_thread_in_native, id=10580, stack(0x000000e5d6900000,0x000000e5d6a00000) (1024K)]
  0x0000029f5bce62e0 JavaThread "DestroyJavaVM"                     [_thread_blocked, id=7380, stack(0x000000e5d3800000,0x000000e5d3900000) (1024K)]
  0x0000029f5bce4210 JavaThread "RMI TCP Connection(idle)"   daemon [_thread_blocked, id=2672, stack(0x000000e5d6e00000,0x000000e5d6f00000) (1024K)]
  0x0000029f5bce3b80 JavaThread "PostgreSQL-JDBC-Cleaner"    daemon [_thread_blocked, id=2460, stack(0x000000e5d4900000,0x000000e5d4a00000) (1024K)]
  0x0000029f5bce4f30 JavaThread "File Watcher"               daemon [_thread_blocked, id=3720, stack(0x000000e5d3600000,0x000000e5d3700000) (1024K)]
  0x0000029f6130e490 JavaThread "RMI TCP Connection(idle)"   daemon [_thread_blocked, id=2808, stack(0x000000e5d7200000,0x000000e5d7300000) (1024K)]
  0x0000029f6130f1b0 JavaThread "RMI TCP Connection(idle)"   daemon [_thread_blocked, id=5488, stack(0x000000e5d7400000,0x000000e5d7500000) (1024K)]
  0x0000029f6130d0e0 JavaThread "Thread-66"                         [_thread_blocked, id=14364, stack(0x000000e5d3500000,0x000000e5d3600000) (1024K)]
  0x0000029f613088b0 JavaThread "restartedMain"                     [_thread_blocked, id=12496, stack(0x000000e5d4800000,0x000000e5d4900000) (1024K)]
  0x0000029f6130b6a0 JavaThread "HikariPool-18:housekeeper"  daemon [_thread_blocked, id=9620, stack(0x000000e5d4a00000,0x000000e5d4b00000) (1024K)]
  0x0000029f6130c3c0 JavaThread "Catalina-utility-1"                [_thread_blocked, id=7968, stack(0x000000e5d6000000,0x000000e5d6100000) (1024K)]
  0x0000029f61308f40 JavaThread "Catalina-utility-2"                [_thread_blocked, id=7636, stack(0x000000e5d6100000,0x000000e5d6200000) (1024K)]
  0x0000029f6130b010 JavaThread "container-1"                       [_thread_blocked, id=5148, stack(0x000000e5d6200000,0x000000e5d6300000) (1024K)]
Total: 30

Other Threads:
  0x0000029f534cae10 VMThread "VM Thread"                           [id=11464, stack(0x000000e5d3f00000,0x000000e5d4000000) (1024K)]
  0x0000029f534b9ae0 WatcherThread "VM Periodic Task Thread"        [id=9000, stack(0x000000e5d3e00000,0x000000e5d3f00000) (1024K)]
  0x0000029f451c77e0 WorkerThread "GC Thread#0"                     [id=14216, stack(0x000000e5d3900000,0x000000e5d3a00000) (1024K)]
  0x0000029f58640be0 WorkerThread "GC Thread#1"                     [id=8576, stack(0x000000e5d4e00000,0x000000e5d4f00000) (1024K)]
  0x0000029f58640f80 WorkerThread "GC Thread#2"                     [id=6156, stack(0x000000e5d4f00000,0x000000e5d5000000) (1024K)]
  0x0000029f58641730 WorkerThread "GC Thread#3"                     [id=5452, stack(0x000000e5d5000000,0x000000e5d5100000) (1024K)]
  0x0000029f58641ce0 WorkerThread "GC Thread#4"                     [id=14960, stack(0x000000e5d5100000,0x000000e5d5200000) (1024K)]
=>0x0000029f58652090 WorkerThread "GC Thread#5"                     [id=12548, stack(0x000000e5d5200000,0x000000e5d5300000) (1024K)]
  0x0000029f58964810 WorkerThread "GC Thread#6"                     [id=10548, stack(0x000000e5d5700000,0x000000e5d5800000) (1024K)]
  0x0000029f58965c40 WorkerThread "GC Thread#7"                     [id=8792, stack(0x000000e5d5800000,0x000000e5d5900000) (1024K)]
  0x0000029f451da1d0 ConcurrentGCThread "G1 Main Marker"            [id=12172, stack(0x000000e5d3a00000,0x000000e5d3b00000) (1024K)]
  0x0000029f451dabe0 WorkerThread "G1 Conc#0"                       [id=1436, stack(0x000000e5d3b00000,0x000000e5d3c00000) (1024K)]
  0x0000029f58cd94c0 WorkerThread "G1 Conc#1"                       [id=12224, stack(0x000000e5d5f00000,0x000000e5d6000000) (1024K)]
  0x0000029f5338c590 ConcurrentGCThread "G1 Refine#0"               [id=12900, stack(0x000000e5d3c00000,0x000000e5d3d00000) (1024K)]
  0x0000029f5338d010 ConcurrentGCThread "G1 Service"                [id=12816, stack(0x000000e5d3d00000,0x000000e5d3e00000) (1024K)]
Total: 15

Threads with active compile tasks:
Total: 0

VM state: at safepoint (normal execution)

VM Mutex/Monitor currently owned by a thread:  ([mutex/lock_event])
[0x00007ffb03e95458] Threads_lock - owner thread: 0x0000029f534cae10
[0x00007ffb03e95558] Heap_lock - owner thread: 0x0000029f5bce4f30

Heap address: 0x0000000703200000, size: 4046 MB, Compressed Oops mode: Zero based, Oop shift amount: 3

CDS archive(s) mapped at: [0x0000029f00000000-0x0000029f00c80000-0x0000029f00c80000), size 13107200, SharedBaseAddress: 0x0000029f00000000, ArchiveRelocationMode: 1.
Compressed class space mapped at: 0x0000029f01000000-0x0000029f41000000, reserved size: 1073741824
Narrow klass base: 0x0000029f00000000, Narrow klass shift: 0, Narrow klass range: 0x100000000

GC Precious Log:
 CardTable entry size: 512
 Card Set container configuration: InlinePtr #cards 4 size 8 Array Of Cards #cards 16 size 48 Howl #buckets 8 coarsen threshold 3686 Howl Bitmap #cards 512 size 80 coarsen threshold 460 Card regions per heap region 1 cards per card region 4096
 CPUs: 8 total, 8 available
 Memory: 16178M
 Large Page Support: Disabled
 NUMA Support: Disabled
 Compressed Oops: Enabled (Zero based)
 Heap Region Size: 2M
 Heap Min Capacity: 8M
 Heap Initial Capacity: 254M
 Heap Max Capacity: 4046M
 Pre-touch: Disabled
 Parallel Workers: 8
 Concurrent Workers: 2
 Concurrent Refinement Workers: 8
 Periodic GC: Disabled

Heap:
 garbage-first heap   total 145408K, used 120495K [0x0000000703200000, 0x0000000800000000)
  region size 2048K, 34 young (69632K), 4 survivors (8192K)
 Metaspace       used 111857K, committed 112960K, reserved 1179648K
  class space    used 14766K, committed 15232K, reserved 1048576K

Heap Regions: E=young(eden), S=young(survivor), O=old, HS=humongous(starts), HC=humongous(continues), CS=collection set, F=free, TAMS=top-at-mark-start, PB=parsable bottom
|   0|0x0000000703200000, 0x0000000703400000, 0x0000000703400000|100%| O|  |TAMS 0x0000000703200000| PB 0x0000000703200000| Untracked 
|   1|0x0000000703400000, 0x0000000703600000, 0x0000000703600000|100%| O|  |TAMS 0x0000000703400000| PB 0x0000000703400000| Untracked 
|   2|0x0000000703600000, 0x00000007037ffff0, 0x0000000703800000| 99%| O|  |TAMS 0x0000000703600000| PB 0x0000000703600000| Untracked 
|   3|0x0000000703800000, 0x00000007039fffe8, 0x0000000703a00000| 99%| O|  |TAMS 0x0000000703800000| PB 0x0000000703800000| Untracked 
|   4|0x0000000703a00000, 0x0000000703bffff8, 0x0000000703c00000| 99%| O|  |TAMS 0x0000000703a00000| PB 0x0000000703a00000| Untracked 
|   5|0x0000000703c00000, 0x0000000703e00000, 0x0000000703e00000|100%| O|  |TAMS 0x0000000703c00000| PB 0x0000000703c00000| Untracked 
|   6|0x0000000703e00000, 0x0000000703ffffc8, 0x0000000704000000| 99%| O|  |TAMS 0x0000000703e00000| PB 0x0000000703e00000| Untracked 
|   7|0x0000000704000000, 0x00000007041fffb0, 0x0000000704200000| 99%| O|  |TAMS 0x0000000704000000| PB 0x0000000704000000| Untracked 
|   8|0x0000000704200000, 0x0000000704400000, 0x0000000704400000|100%| O|  |TAMS 0x0000000704200000| PB 0x0000000704200000| Untracked 
|   9|0x0000000704400000, 0x00000007045fffe8, 0x0000000704600000| 99%| O|  |TAMS 0x0000000704400000| PB 0x0000000704400000| Untracked 
|  10|0x0000000704600000, 0x00000007047fffe8, 0x0000000704800000| 99%| O|  |TAMS 0x0000000704600000| PB 0x0000000704600000| Untracked 
|  11|0x0000000704800000, 0x00000007049fffe0, 0x0000000704a00000| 99%| O|  |TAMS 0x0000000704800000| PB 0x0000000704800000| Untracked 
|  12|0x0000000704a00000, 0x0000000704bfffc0, 0x0000000704c00000| 99%| O|  |TAMS 0x0000000704a00000| PB 0x0000000704a00000| Untracked 
|  13|0x0000000704c00000, 0x0000000704dfffe8, 0x0000000704e00000| 99%| O|  |TAMS 0x0000000704c00000| PB 0x0000000704c00000| Untracked 
|  14|0x0000000704e00000, 0x0000000704fffff0, 0x0000000705000000| 99%| O|  |TAMS 0x0000000704e00000| PB 0x0000000704e00000| Untracked 
|  15|0x0000000705000000, 0x00000007051ffc40, 0x0000000705200000| 99%| O|  |TAMS 0x0000000705000000| PB 0x0000000705000000| Untracked 
|  16|0x0000000705200000, 0x00000007053ffff0, 0x0000000705400000| 99%| O|  |TAMS 0x0000000705200000| PB 0x0000000705200000| Untracked 
|  17|0x0000000705400000, 0x00000007055ffff8, 0x0000000705600000| 99%| O|  |TAMS 0x0000000705400000| PB 0x0000000705400000| Untracked 
|  18|0x0000000705600000, 0x00000007057fffd8, 0x0000000705800000| 99%| O|  |TAMS 0x0000000705600000| PB 0x0000000705600000| Untracked 
|  19|0x0000000705800000, 0x00000007059fffc8, 0x0000000705a00000| 99%| O|  |TAMS 0x0000000705800000| PB 0x0000000705800000| Untracked 
|  20|0x0000000705a00000, 0x0000000705bffff0, 0x0000000705c00000| 99%| O|  |TAMS 0x0000000705a00000| PB 0x0000000705a00000| Untracked 
|  21|0x0000000705c00000, 0x0000000705dfffe0, 0x0000000705e00000| 99%| O|  |TAMS 0x0000000705c00000| PB 0x0000000705c00000| Untracked 
|  22|0x0000000705e00000, 0x0000000705ffff80, 0x0000000706000000| 99%| O|  |TAMS 0x0000000705e00000| PB 0x0000000705e00000| Untracked 
|  23|0x0000000706000000, 0x00000007061fffb0, 0x0000000706200000| 99%| O|  |TAMS 0x0000000706000000| PB 0x0000000706000000| Untracked 
|  24|0x0000000706200000, 0x0000000706400000, 0x0000000706400000|100%| O|  |TAMS 0x0000000706200000| PB 0x0000000706200000| Untracked 
|  25|0x0000000706400000, 0x000000070640e8c8, 0x0000000706600000|  2%| O|Cm|TAMS 0x0000000706400000| PB 0x0000000706400000| Complete 
|  26|0x0000000706600000, 0x00000007066c1890, 0x0000000706800000| 37%| O|  |TAMS 0x0000000706600000| PB 0x0000000706600000| Untracked 
|  27|0x0000000706800000, 0x00000007068bb760, 0x0000000706a00000| 36%| O|  |TAMS 0x0000000706800000| PB 0x0000000706800000| Untracked 
|  28|0x0000000706a00000, 0x0000000706a686a8, 0x0000000706c00000| 20%| O|  |TAMS 0x0000000706a00000| PB 0x0000000706a00000| Untracked 
|  29|0x0000000706c00000, 0x0000000706c9cff0, 0x0000000706e00000| 30%| O|  |TAMS 0x0000000706c00000| PB 0x0000000706c00000| Untracked 
|  30|0x0000000706e00000, 0x0000000706e00000, 0x0000000707000000|  0%| F|  |TAMS 0x0000000706e00000| PB 0x0000000706e00000| Untracked 
|  31|0x0000000707000000, 0x0000000707000000, 0x0000000707200000|  0%| F|  |TAMS 0x0000000707000000| PB 0x0000000707000000| Untracked 
|  32|0x0000000707200000, 0x0000000707200000, 0x0000000707400000|  0%| F|  |TAMS 0x0000000707200000| PB 0x0000000707200000| Untracked 
|  33|0x0000000707400000, 0x000000070751b4a8, 0x0000000707600000| 55%| E|CS|TAMS 0x0000000707400000| PB 0x0000000707400000| Complete 
|  34|0x0000000707600000, 0x0000000707800000, 0x0000000707800000|100%| E|CS|TAMS 0x0000000707600000| PB 0x0000000707600000| Complete 
|  35|0x0000000707800000, 0x0000000707a00000, 0x0000000707a00000|100%| E|CS|TAMS 0x0000000707800000| PB 0x0000000707800000| Complete 
|  36|0x0000000707a00000, 0x0000000707a00000, 0x0000000707c00000|  0%| F|  |TAMS 0x0000000707a00000| PB 0x0000000707a00000| Untracked 
|  37|0x0000000707c00000, 0x0000000707d1a498, 0x0000000707e00000| 55%| S|  |TAMS 0x0000000707c00000| PB 0x0000000707c00000| Complete 
|  38|0x0000000707e00000, 0x0000000708000000, 0x0000000708000000|100%| S|  |TAMS 0x0000000707e00000| PB 0x0000000707e00000| Complete 
|  39|0x0000000708000000, 0x0000000708200000, 0x0000000708200000|100%| S|  |TAMS 0x0000000708000000| PB 0x0000000708000000| Complete 
|  40|0x0000000708200000, 0x0000000708400000, 0x0000000708400000|100%| S|  |TAMS 0x0000000708200000| PB 0x0000000708200000| Complete 
|  41|0x0000000708400000, 0x0000000708600000, 0x0000000708600000|100%| E|CS|TAMS 0x0000000708400000| PB 0x0000000708400000| Complete 
|  42|0x0000000708600000, 0x0000000708800000, 0x0000000708800000|100%| E|CS|TAMS 0x0000000708600000| PB 0x0000000708600000| Complete 
|  43|0x0000000708800000, 0x0000000708a00000, 0x0000000708a00000|100%| E|CS|TAMS 0x0000000708800000| PB 0x0000000708800000| Complete 
|  44|0x0000000708a00000, 0x0000000708c00000, 0x0000000708c00000|100%| E|CS|TAMS 0x0000000708a00000| PB 0x0000000708a00000| Complete 
|  45|0x0000000708c00000, 0x0000000708e00000, 0x0000000708e00000|100%| E|CS|TAMS 0x0000000708c00000| PB 0x0000000708c00000| Complete 
|  46|0x0000000708e00000, 0x0000000709000000, 0x0000000709000000|100%| E|CS|TAMS 0x0000000708e00000| PB 0x0000000708e00000| Complete 
|  47|0x0000000709000000, 0x0000000709200000, 0x0000000709200000|100%| E|CS|TAMS 0x0000000709000000| PB 0x0000000709000000| Complete 
|  48|0x0000000709200000, 0x0000000709400000, 0x0000000709400000|100%| E|CS|TAMS 0x0000000709200000| PB 0x0000000709200000| Complete 
|  49|0x0000000709400000, 0x0000000709600000, 0x0000000709600000|100%| E|CS|TAMS 0x0000000709400000| PB 0x0000000709400000| Complete 
|  50|0x0000000709600000, 0x0000000709800000, 0x0000000709800000|100%| E|CS|TAMS 0x0000000709600000| PB 0x0000000709600000| Complete 
|  51|0x0000000709800000, 0x0000000709a00000, 0x0000000709a00000|100%| E|CS|TAMS 0x0000000709800000| PB 0x0000000709800000| Complete 
|  52|0x0000000709a00000, 0x0000000709c00000, 0x0000000709c00000|100%| E|CS|TAMS 0x0000000709a00000| PB 0x0000000709a00000| Complete 
|  53|0x0000000709c00000, 0x0000000709e00000, 0x0000000709e00000|100%| E|CS|TAMS 0x0000000709c00000| PB 0x0000000709c00000| Complete 
|  54|0x0000000709e00000, 0x000000070a000000, 0x000000070a000000|100%| E|CS|TAMS 0x0000000709e00000| PB 0x0000000709e00000| Complete 
|  55|0x000000070a000000, 0x000000070a200000, 0x000000070a200000|100%| E|CS|TAMS 0x000000070a000000| PB 0x000000070a000000| Complete 
|  56|0x000000070a200000, 0x000000070a400000, 0x000000070a400000|100%| E|CS|TAMS 0x000000070a200000| PB 0x000000070a200000| Complete 
|  57|0x000000070a400000, 0x000000070a600000, 0x000000070a600000|100%| E|CS|TAMS 0x000000070a400000| PB 0x000000070a400000| Complete 
|  58|0x000000070a600000, 0x000000070a800000, 0x000000070a800000|100%| E|CS|TAMS 0x000000070a600000| PB 0x000000070a600000| Complete 
|  59|0x000000070a800000, 0x000000070aa00000, 0x000000070aa00000|100%| E|CS|TAMS 0x000000070a800000| PB 0x000000070a800000| Complete 
|  60|0x000000070aa00000, 0x000000070ac00000, 0x000000070ac00000|100%| E|CS|TAMS 0x000000070aa00000| PB 0x000000070aa00000| Complete 
|  61|0x000000070ac00000, 0x000000070ae00000, 0x000000070ae00000|100%| E|CS|TAMS 0x000000070ac00000| PB 0x000000070ac00000| Complete 
|  62|0x000000070ae00000, 0x000000070b000000, 0x000000070b000000|100%| E|CS|TAMS 0x000000070ae00000| PB 0x000000070ae00000| Complete 
|  63|0x000000070b000000, 0x000000070b200000, 0x000000070b200000|100%| E|CS|TAMS 0x000000070b000000| PB 0x000000070b000000| Complete 
|  64|0x000000070b200000, 0x000000070b400000, 0x000000070b400000|100%| E|CS|TAMS 0x000000070b200000| PB 0x000000070b200000| Complete 
|  65|0x000000070b400000, 0x000000070b600000, 0x000000070b600000|100%| E|CS|TAMS 0x000000070b400000| PB 0x000000070b400000| Complete 
|  66|0x000000070b600000, 0x000000070b800000, 0x000000070b800000|100%| E|CS|TAMS 0x000000070b600000| PB 0x000000070b600000| Complete 
|  67|0x000000070b800000, 0x000000070ba00000, 0x000000070ba00000|100%| E|CS|TAMS 0x000000070b800000| PB 0x000000070b800000| Complete 
| 105|0x0000000710400000, 0x0000000710600000, 0x0000000710600000|100%| E|CS|TAMS 0x0000000710400000| PB 0x0000000710400000| Complete 
| 126|0x0000000712e00000, 0x0000000713000000, 0x0000000713000000|100%| E|CS|TAMS 0x0000000712e00000| PB 0x0000000712e00000| Complete 
|2022|0x00000007ffe00000, 0x0000000800000000, 0x0000000800000000|100%| E|CS|TAMS 0x00000007ffe00000| PB 0x00000007ffe00000| Complete 

Card table byte_map: [0x0000029f4c3e0000,0x0000029f4cbd0000] _byte_map_base: 0x0000029f48bc7000

Marking Bits: (CMBitMap*) 0x0000029f451c8600
 Bits: [0x0000029f4cbd0000, 0x0000029f50b08000)

Polling page: 0x0000029f43020000

Metaspace:

Usage:
  Non-class:     94.82 MB used.
      Class:     14.42 MB used.
       Both:    109.24 MB used.

Virtual space:
  Non-class space:      128.00 MB reserved,      95.44 MB ( 75%) committed,  2 nodes.
      Class space:        1.00 GB reserved,      14.88 MB (  1%) committed,  1 nodes.
             Both:        1.12 GB reserved,     110.31 MB ( 10%) committed. 

Chunk freelists:
   Non-Class:  613.00 KB
       Class:  1.13 MB
        Both:  1.73 MB

MaxMetaspaceSize: unlimited
CompressedClassSpaceSize: 1.00 GB
Initial GC threshold: 21.00 MB
Current GC threshold: 183.38 MB
CDS: on
 - commit_granule_bytes: 65536.
 - commit_granule_words: 8192.
 - virtual_space_node_default_size: 8388608.
 - enlarge_chunks_in_place: 1.
 - use_allocation_guard: 0.


Internal statistics:

num_allocs_failed_limit: 6.
num_arena_births: 7014.
num_arena_deaths: 5546.
num_vsnodes_births: 3.
num_vsnodes_deaths: 0.
num_space_committed: 1772.
num_space_uncommitted: 6.
num_chunks_returned_to_freelist: 7174.
num_chunks_taken_from_freelist: 14096.
num_chunk_merges: 2048.
num_chunk_splits: 7281.
num_chunks_enlarged: 4413.
num_inconsistent_stats: 0.

CodeCache: size=49152Kb used=24982Kb max_used=31129Kb free=24169Kb
 bounds [0x0000029f48ae0000, 0x0000029f4a9b0000, 0x0000029f4bae0000]
 total_blobs=12172, nmethods=11278, adapters=817, full_count=0
Compilation: enabled, stopped_count=0, restarted_count=0

Compilation events (20 events):
Event: 2326.548 Thread 0x0000029f5c3a6780 31325   !   1       org.springframework.aop.support.AbstractBeanFactoryPointcutAdvisor::getAdvice (136 bytes)
Event: 2326.549 Thread 0x0000029f5c3a6780 nmethod 31325 0x0000029f49b76f90 code [0x0000029f49b771c0, 0x0000029f49b77820]
Event: 2326.550 Thread 0x0000029f5c3a7520 nmethod 31323 0x0000029f49c5d690 code [0x0000029f49c5d960, 0x0000029f49c5e3b8]
Event: 2326.551 Thread 0x0000029f5350c720 nmethod 31324 0x0000029f4931ec10 code [0x0000029f4931efe0, 0x0000029f49320350]
Event: 2326.561 Thread 0x0000029f5350c720 31326       1       org.springframework.http.MediaType::<init> (10 bytes)
Event: 2326.561 Thread 0x0000029f5350c720 nmethod 31326 0x0000029f49f70990 code [0x0000029f49f70b40, 0x0000029f49f70c48]
Event: 2326.572 Thread 0x0000029f5350c720 31327       1       java.lang.invoke.LambdaForm$MH/0x0000029f0100b000::invoke (42 bytes)
Event: 2326.572 Thread 0x0000029f5c3a6780 31328       1       java.lang.invoke.LambdaForm$MH/0x0000029f01211c00::invoke (49 bytes)
Event: 2326.572 Thread 0x0000029f5c3a7bf0 31329       1       org.apache.catalina.core.ApplicationContextFacade::getAttribute (30 bytes)
Event: 2326.572 Thread 0x0000029f5c3a7520 31330       1       org.apache.catalina.core.ApplicationContext::getAttribute (11 bytes)
Event: 2326.572 Thread 0x0000029f5c3a7520 nmethod 31330 0x0000029f49fb5090 code [0x0000029f49fb5240, 0x0000029f49fb5348]
Event: 2326.572 Thread 0x0000029f5c3a7520 31331       1       org.springframework.web.filter.GenericFilterBean::initFilterBean (1 bytes)
Event: 2326.572 Thread 0x0000029f5c3a7bf0 nmethod 31329 0x0000029f49f61310 code [0x0000029f49f614c0, 0x0000029f49f615e0]
Event: 2326.573 Thread 0x0000029f5350c720 nmethod 31327 0x0000029f4a43e210 code [0x0000029f4a43e3e0, 0x0000029f4a43e5e0]
Event: 2326.573 Thread 0x0000029f5c3a6780 nmethod 31328 0x0000029f4a493290 code [0x0000029f4a493460, 0x0000029f4a493690]
Event: 2326.573 Thread 0x0000029f5c3a7520 nmethod 31331 0x0000029f49e68790 code [0x0000029f49e68920, 0x0000029f49e689e8]
Event: 2346.596 Thread 0x0000029f5350c720 31332       1       org.apache.catalina.webresources.AbstractFileResourceSet::gc (1 bytes)
Event: 2346.596 Thread 0x0000029f5350c720 nmethod 31332 0x0000029f49eb6f90 code [0x0000029f49eb7120, 0x0000029f49eb71e8]
Event: 2356.320 Thread 0x0000029f5350c720 31333       1       com.zaxxer.hikari.pool.HikariPool::logPoolState (120 bytes)
Event: 2356.323 Thread 0x0000029f5350c720 nmethod 31333 0x0000029f492af690 code [0x0000029f492af900, 0x0000029f492b0778]

GC Heap History (20 events):
Event: 2232.684 GC heap after
{Heap after GC invocations=117 (full 13):
 garbage-first heap   total 145408K, used 62304K [0x0000000703200000, 0x0000000800000000)
  region size 2048K, 5 young (10240K), 5 survivors (10240K)
 Metaspace       used 108635K, committed 109824K, reserved 1179648K
  class space    used 14478K, committed 15040K, reserved 1048576K
}
Event: 2239.688 GC heap before
{Heap before GC invocations=117 (full 13):
 garbage-first heap   total 145408K, used 105312K [0x0000000703200000, 0x0000000800000000)
  region size 2048K, 27 young (55296K), 5 survivors (10240K)
 Metaspace       used 108837K, committed 110016K, reserved 1179648K
  class space    used 14494K, committed 15040K, reserved 1048576K
}
Event: 2239.769 GC heap after
{Heap after GC invocations=118 (full 14):
 garbage-first heap   total 145408K, used 53663K [0x0000000703200000, 0x0000000800000000)
  region size 2048K, 0 young (0K), 0 survivors (0K)
 Metaspace       used 108738K, committed 110016K, reserved 1179648K
  class space    used 14475K, committed 15040K, reserved 1048576K
}
Event: 2240.637 GC heap before
{Heap before GC invocations=118 (full 14):
 garbage-first heap   total 145408K, used 123295K [0x0000000703200000, 0x0000000800000000)
  region size 2048K, 35 young (71680K), 0 survivors (0K)
 Metaspace       used 109184K, committed 110336K, reserved 1179648K
  class space    used 14530K, committed 15040K, reserved 1048576K
}
Event: 2240.643 GC heap after
{Heap after GC invocations=119 (full 14):
 garbage-first heap   total 145408K, used 59187K [0x0000000703200000, 0x0000000800000000)
  region size 2048K, 3 young (6144K), 3 survivors (6144K)
 Metaspace       used 109184K, committed 110336K, reserved 1179648K
  class space    used 14530K, committed 15040K, reserved 1048576K
}
Event: 2241.332 GC heap before
{Heap before GC invocations=120 (full 14):
 garbage-first heap   total 145408K, used 122675K [0x0000000703200000, 0x0000000800000000)
  region size 2048K, 34 young (69632K), 3 survivors (6144K)
 Metaspace       used 109793K, committed 110912K, reserved 1179648K
  class space    used 14582K, committed 15104K, reserved 1048576K
}
Event: 2241.338 GC heap after
{Heap after GC invocations=121 (full 14):
 garbage-first heap   total 145408K, used 61592K [0x0000000703200000, 0x0000000800000000)
  region size 2048K, 4 young (8192K), 4 survivors (8192K)
 Metaspace       used 109793K, committed 110912K, reserved 1179648K
  class space    used 14582K, committed 15104K, reserved 1048576K
}
Event: 2270.475 GC heap before
{Heap before GC invocations=121 (full 14):
 garbage-first heap   total 145408K, used 120984K [0x0000000703200000, 0x0000000800000000)
  region size 2048K, 33 young (67584K), 4 survivors (8192K)
 Metaspace       used 109983K, committed 111104K, reserved 1179648K
  class space    used 14601K, committed 15104K, reserved 1048576K
}
Event: 2270.481 GC heap after
{Heap after GC invocations=122 (full 14):
 garbage-first heap   total 145408K, used 61219K [0x0000000703200000, 0x0000000800000000)
  region size 2048K, 3 young (6144K), 3 survivors (6144K)
 Metaspace       used 109983K, committed 111104K, reserved 1179648K
  class space    used 14601K, committed 15104K, reserved 1048576K
}
Event: 2304.819 GC heap before
{Heap before GC invocations=122 (full 14):
 garbage-first heap   total 145408K, used 85795K [0x0000000703200000, 0x0000000800000000)
  region size 2048K, 16 young (32768K), 3 survivors (6144K)
 Metaspace       used 109987K, committed 111104K, reserved 1179648K
  class space    used 14602K, committed 15104K, reserved 1048576K
}
Event: 2304.905 GC heap after
{Heap after GC invocations=123 (full 15):
 garbage-first heap   total 145408K, used 53884K [0x0000000703200000, 0x0000000800000000)
  region size 2048K, 0 young (0K), 0 survivors (0K)
 Metaspace       used 109919K, committed 111104K, reserved 1179648K
  class space    used 14591K, committed 15104K, reserved 1048576K
}
Event: 2305.644 GC heap before
{Heap before GC invocations=123 (full 15):
 garbage-first heap   total 145408K, used 125564K [0x0000000703200000, 0x0000000800000000)
  region size 2048K, 36 young (73728K), 0 survivors (0K)
 Metaspace       used 110360K, committed 111488K, reserved 1179648K
  class space    used 14640K, committed 15168K, reserved 1048576K
}
Event: 2305.649 GC heap after
{Heap after GC invocations=124 (full 15):
 garbage-first heap   total 145408K, used 58875K [0x0000000703200000, 0x0000000800000000)
  region size 2048K, 3 young (6144K), 3 survivors (6144K)
 Metaspace       used 110360K, committed 111488K, reserved 1179648K
  class space    used 14640K, committed 15168K, reserved 1048576K
}
Event: 2306.553 GC heap before
{Heap before GC invocations=125 (full 15):
 garbage-first heap   total 145408K, used 122363K [0x0000000703200000, 0x0000000800000000)
  region size 2048K, 34 young (69632K), 3 survivors (6144K)
 Metaspace       used 110942K, committed 112064K, reserved 1179648K
  class space    used 14681K, committed 15168K, reserved 1048576K
}
Event: 2306.559 GC heap after
{Heap after GC invocations=126 (full 15):
 garbage-first heap   total 145408K, used 62300K [0x0000000703200000, 0x0000000800000000)
  region size 2048K, 5 young (10240K), 5 survivors (10240K)
 Metaspace       used 110942K, committed 112064K, reserved 1179648K
  class space    used 14681K, committed 15168K, reserved 1048576K
}
Event: 2325.132 GC heap before
{Heap before GC invocations=126 (full 15):
 garbage-first heap   total 145408K, used 111452K [0x0000000703200000, 0x0000000800000000)
  region size 2048K, 30 young (61440K), 5 survivors (10240K)
 Metaspace       used 111135K, committed 112256K, reserved 1179648K
  class space    used 14701K, committed 15232K, reserved 1048576K
}
Event: 2325.210 GC heap after
{Heap after GC invocations=127 (full 16):
 garbage-first heap   total 145408K, used 53826K [0x0000000703200000, 0x0000000800000000)
  region size 2048K, 0 young (0K), 0 survivors (0K)
 Metaspace       used 111086K, committed 112256K, reserved 1179648K
  class space    used 14695K, committed 15232K, reserved 1048576K
}
Event: 2325.970 GC heap before
{Heap before GC invocations=127 (full 16):
 garbage-first heap   total 145408K, used 123458K [0x0000000703200000, 0x0000000800000000)
  region size 2048K, 35 young (71680K), 0 survivors (0K)
 Metaspace       used 111519K, committed 112640K, reserved 1179648K
  class space    used 14742K, committed 15232K, reserved 1048576K
}
Event: 2325.975 GC heap after
{Heap after GC invocations=128 (full 16):
 garbage-first heap   total 145408K, used 59055K [0x0000000703200000, 0x0000000800000000)
  region size 2048K, 3 young (6144K), 3 survivors (6144K)
 Metaspace       used 111519K, committed 112640K, reserved 1179648K
  class space    used 14742K, committed 15232K, reserved 1048576K
}
Event: 2384.457 GC heap before
{Heap before GC invocations=129 (full 16):
 garbage-first heap   total 145408K, used 120495K [0x0000000703200000, 0x0000000800000000)
  region size 2048K, 33 young (67584K), 3 survivors (6144K)
 Metaspace       used 111857K, committed 112960K, reserved 1179648K
  class space    used 14766K, committed 15232K, reserved 1048576K
}

Dll operation events (12 events):
Event: 0.023 Loaded shared library D:\project\dev_boot_project\sts-4.32.0.RELEASE\plugins\org.eclipse.justj.openjdk.hotspot.jre.full.win32.x86_64_21.0.8.v20250724-1412\jre\bin\java.dll
Event: 0.058 Loaded shared library D:\project\dev_boot_project\sts-4.32.0.RELEASE\plugins\org.eclipse.justj.openjdk.hotspot.jre.full.win32.x86_64_21.0.8.v20250724-1412\jre\bin\zip.dll
Event: 0.411 Loaded shared library D:\project\dev_boot_project\sts-4.32.0.RELEASE\plugins\org.eclipse.justj.openjdk.hotspot.jre.full.win32.x86_64_21.0.8.v20250724-1412\jre\bin\instrument.dll
Event: 0.418 Loaded shared library D:\project\dev_boot_project\sts-4.32.0.RELEASE\plugins\org.eclipse.justj.openjdk.hotspot.jre.full.win32.x86_64_21.0.8.v20250724-1412\jre\bin\net.dll
Event: 0.420 Loaded shared library D:\project\dev_boot_project\sts-4.32.0.RELEASE\plugins\org.eclipse.justj.openjdk.hotspot.jre.full.win32.x86_64_21.0.8.v20250724-1412\jre\bin\nio.dll
Event: 0.425 Loaded shared library D:\project\dev_boot_project\sts-4.32.0.RELEASE\plugins\org.eclipse.justj.openjdk.hotspot.jre.full.win32.x86_64_21.0.8.v20250724-1412\jre\bin\zip.dll
Event: 0.709 Loaded shared library D:\project\dev_boot_project\sts-4.32.0.RELEASE\plugins\org.eclipse.justj.openjdk.hotspot.jre.full.win32.x86_64_21.0.8.v20250724-1412\jre\bin\jimage.dll
Event: 0.781 Loaded shared library D:\project\dev_boot_project\sts-4.32.0.RELEASE\plugins\org.eclipse.justj.openjdk.hotspot.jre.full.win32.x86_64_21.0.8.v20250724-1412\jre\bin\management.dll
Event: 0.796 Loaded shared library D:\project\dev_boot_project\sts-4.32.0.RELEASE\plugins\org.eclipse.justj.openjdk.hotspot.jre.full.win32.x86_64_21.0.8.v20250724-1412\jre\bin\management_ext.dll
Event: 1.010 Loaded shared library D:\project\dev_boot_project\sts-4.32.0.RELEASE\plugins\org.eclipse.justj.openjdk.hotspot.jre.full.win32.x86_64_21.0.8.v20250724-1412\jre\bin\verify.dll
Event: 1.130 Loaded shared library D:\project\dev_boot_project\sts-4.32.0.RELEASE\plugins\org.eclipse.justj.openjdk.hotspot.jre.full.win32.x86_64_21.0.8.v20250724-1412\jre\bin\extnet.dll
Event: 3.119 Loaded shared library D:\project\dev_boot_project\sts-4.32.0.RELEASE\plugins\org.eclipse.justj.openjdk.hotspot.jre.full.win32.x86_64_21.0.8.v20250724-1412\jre\bin\sunmscapi.dll

Deoptimization events (20 events):
Event: 2326.626 Thread 0x0000029f613088b0 DEOPT PACKING pc=0x0000029f4941696c sp=0x000000e5d48f79a0
Event: 2326.626 Thread 0x0000029f613088b0 DEOPT UNPACKING pc=0x0000029f48b34e42 sp=0x000000e5d48f6ed8 mode 1
Event: 2326.626 Thread 0x0000029f613088b0 DEOPT PACKING pc=0x0000029f494192f4 sp=0x000000e5d48f7a90
Event: 2326.626 Thread 0x0000029f613088b0 DEOPT UNPACKING pc=0x0000029f48b34e42 sp=0x000000e5d48f7040 mode 1
Event: 2326.626 Thread 0x0000029f613088b0 DEOPT PACKING pc=0x0000029f49417aac sp=0x000000e5d48f7c00
Event: 2326.626 Thread 0x0000029f613088b0 DEOPT UNPACKING pc=0x0000029f48b34e42 sp=0x000000e5d48f71c0 mode 1
Event: 2326.626 Thread 0x0000029f613088b0 DEOPT PACKING pc=0x0000029f4941696c sp=0x000000e5d48f79a0
Event: 2326.626 Thread 0x0000029f613088b0 DEOPT UNPACKING pc=0x0000029f48b34e42 sp=0x000000e5d48f6ed8 mode 1
Event: 2326.626 Thread 0x0000029f613088b0 DEOPT PACKING pc=0x0000029f494192f4 sp=0x000000e5d48f7a90
Event: 2326.626 Thread 0x0000029f613088b0 DEOPT UNPACKING pc=0x0000029f48b34e42 sp=0x000000e5d48f7040 mode 1
Event: 2326.626 Thread 0x0000029f613088b0 DEOPT PACKING pc=0x0000029f49417aac sp=0x000000e5d48f7c00
Event: 2326.626 Thread 0x0000029f613088b0 DEOPT UNPACKING pc=0x0000029f48b34e42 sp=0x000000e5d48f71c0 mode 1
Event: 2326.627 Thread 0x0000029f613088b0 DEOPT PACKING pc=0x0000029f4941696c sp=0x000000e5d48faae0
Event: 2326.627 Thread 0x0000029f613088b0 DEOPT UNPACKING pc=0x0000029f48b34e42 sp=0x000000e5d48fa018 mode 1
Event: 2326.627 Thread 0x0000029f613088b0 DEOPT PACKING pc=0x0000029f494192f4 sp=0x000000e5d48fabd0
Event: 2326.627 Thread 0x0000029f613088b0 DEOPT UNPACKING pc=0x0000029f48b34e42 sp=0x000000e5d48fa180 mode 1
Event: 2326.627 Thread 0x0000029f613088b0 DEOPT PACKING pc=0x0000029f49417aac sp=0x000000e5d48fad40
Event: 2326.627 Thread 0x0000029f613088b0 DEOPT UNPACKING pc=0x0000029f48b34e42 sp=0x000000e5d48fa300 mode 1
Event: 2327.242 Thread 0x0000029f613088b0 DEOPT PACKING pc=0x0000029f48f52ab4 sp=0x000000e5d48fbcf0
Event: 2327.242 Thread 0x0000029f613088b0 DEOPT UNPACKING pc=0x0000029f48b34e42 sp=0x000000e5d48fb1a8 mode 0

Classes loaded (20 events):
Event: 2071.397 Loading class sun/text/resources/FormatData_en
Event: 2071.397 Loading class sun/text/resources/FormatData_en done
Event: 2071.397 Loading class sun/text/resources/FormatData_en_US
Event: 2071.397 Loading class sun/text/resources/FormatData_en_US done
Event: 2071.397 Loading class sun/util/resources/LocaleData$2
Event: 2071.397 Loading class sun/util/resources/LocaleData$2 done
Event: 2071.397 Loading class sun/util/resources/LocaleData$SupplementaryStrategy
Event: 2071.397 Loading class sun/util/resources/LocaleData$SupplementaryStrategy done
Event: 2071.397 Loading class sun/text/resources/JavaTimeSupplementary
Event: 2071.398 Loading class sun/text/resources/JavaTimeSupplementary done
Event: 2071.398 Loading class sun/text/resources/JavaTimeSupplementary_en
Event: 2071.398 Loading class sun/text/resources/JavaTimeSupplementary_en done
Event: 2071.398 Loading class sun/text/resources/JavaTimeSupplementary_en_US
Event: 2071.399 Loading class sun/text/resources/JavaTimeSupplementary_en_US done
Event: 2071.399 Loading class sun/util/resources/ParallelListResourceBundle$KeySet
Event: 2071.399 Loading class sun/util/resources/ParallelListResourceBundle$KeySet done
Event: 2071.400 Loading class sun/util/locale/provider/CalendarDataUtility$CalendarFieldValueNameGetter
Event: 2071.400 Loading class sun/util/locale/provider/CalendarDataUtility$CalendarFieldValueNameGetter done
Event: 2149.824 Loading class java/time/DurationEditor
Event: 2149.824 Loading class java/time/DurationEditor done

Classes unloaded (20 events):
Event: 2326.041 Thread 0x0000029f534cae10 Unloading class 0x0000029f01db2400 'java/lang/invoke/LambdaForm$MH+0x0000029f01db2400'
Event: 2326.041 Thread 0x0000029f534cae10 Unloading class 0x0000029f01a80400 'java/lang/invoke/LambdaForm$MH+0x0000029f01a80400'
Event: 2326.041 Thread 0x0000029f534cae10 Unloading class 0x0000029f01ab3400 'java/lang/invoke/LambdaForm$MH+0x0000029f01ab3400'
Event: 2326.041 Thread 0x0000029f534cae10 Unloading class 0x0000029f01ddb000 'java/lang/invoke/LambdaForm$MH+0x0000029f01ddb000'
Event: 2326.041 Thread 0x0000029f534cae10 Unloading class 0x0000029f01488000 'java/lang/invoke/LambdaForm$MH+0x0000029f01488000'
Event: 2326.041 Thread 0x0000029f534cae10 Unloading class 0x0000029f019d4c00 'java/lang/invoke/LambdaForm$MH+0x0000029f019d4c00'
Event: 2326.041 Thread 0x0000029f534cae10 Unloading class 0x0000029f01ae9400 'java/lang/invoke/LambdaForm$MH+0x0000029f01ae9400'
Event: 2326.041 Thread 0x0000029f534cae10 Unloading class 0x0000029f01a48800 'java/lang/invoke/LambdaForm$MH+0x0000029f01a48800'
Event: 2326.041 Thread 0x0000029f534cae10 Unloading class 0x0000029f01000400 'java/lang/invoke/LambdaForm$MH+0x0000029f01000400'
Event: 2326.041 Thread 0x0000029f534cae10 Unloading class 0x0000029f01e79c00 'java/lang/invoke/LambdaForm$MH+0x0000029f01e79c00'
Event: 2326.041 Thread 0x0000029f534cae10 Unloading class 0x0000029f01e61800 'java/lang/invoke/LambdaForm$MH+0x0000029f01e61800'
Event: 2326.041 Thread 0x0000029f534cae10 Unloading class 0x0000029f01e61400 'java/lang/invoke/LambdaForm$MH+0x0000029f01e61400'
Event: 2326.041 Thread 0x0000029f534cae10 Unloading class 0x0000029f01e60800 'java/lang/invoke/LambdaForm$MH+0x0000029f01e60800'
Event: 2326.041 Thread 0x0000029f534cae10 Unloading class 0x0000029f01e60400 'java/lang/invoke/LambdaForm$MH+0x0000029f01e60400'
Event: 2326.041 Thread 0x0000029f534cae10 Unloading class 0x0000029f01e60000 'java/lang/invoke/LambdaForm$MH+0x0000029f01e60000'
Event: 2326.041 Thread 0x0000029f534cae10 Unloading class 0x0000029f01e46800 'java/lang/invoke/LambdaForm$MH+0x0000029f01e46800'
Event: 2326.041 Thread 0x0000029f534cae10 Unloading class 0x0000029f01e45000 'java/lang/invoke/LambdaForm$MH+0x0000029f01e45000'
Event: 2326.041 Thread 0x0000029f534cae10 Unloading class 0x0000029f01c26400 'java/lang/invoke/LambdaForm$MH+0x0000029f01c26400'
Event: 2326.041 Thread 0x0000029f534cae10 Unloading class 0x0000029f01cc5800 'java/lang/invoke/LambdaForm$MH+0x0000029f01cc5800'
Event: 2326.041 Thread 0x0000029f534cae10 Unloading class 0x0000029f01cae800 'java/lang/invoke/LambdaForm$MH+0x0000029f01cae800'

Classes redefined (18 events):
Event: 25.852 Thread 0x0000029f534cae10 redefined class name=com.mybaselinkV2.app.service.NewsDartTypeAService, count=1
Event: 25.852 Thread 0x0000029f534cae10 redefined class name=com.mybaselinkV2.app.service.NewsDartTypeAService, count=1
Event: 33.005 Thread 0x0000029f534cae10 redefined class name=com.mybaselinkV2.app.service.NewsDartTypeAService, count=2
Event: 33.005 Thread 0x0000029f534cae10 redefined class name=com.mybaselinkV2.app.service.NewsDartTypeAService, count=1
Event: 33.006 Thread 0x0000029f534cae10 redefined class name=com.mybaselinkV2.app.service.NewsDartTypeAService, count=2
Event: 145.975 Thread 0x0000029f534cae10 redefined class name=com.mybaselinkV2.app.service.NewsDartTypeAService, count=3
Event: 145.976 Thread 0x0000029f534cae10 redefined class name=com.mybaselinkV2.app.service.NewsDartTypeAService, count=1
Event: 145.976 Thread 0x0000029f534cae10 redefined class name=com.mybaselinkV2.app.service.NewsDartTypeAService, count=2
Event: 145.976 Thread 0x0000029f534cae10 redefined class name=com.mybaselinkV2.app.service.NewsDartTypeAService, count=3
Event: 1448.085 Thread 0x0000029f534cae10 redefined class name=com.mybaselinkV2.app.service.NewsDartTypeAService, count=4
Event: 1448.085 Thread 0x0000029f534cae10 redefined class name=com.mybaselinkV2.app.service.NewsDartTypeAService, count=2
Event: 1448.085 Thread 0x0000029f534cae10 redefined class name=com.mybaselinkV2.app.service.NewsDartTypeAService, count=3
Event: 1448.085 Thread 0x0000029f534cae10 redefined class name=com.mybaselinkV2.app.service.NewsDartTypeAService, count=4
Event: 1513.854 Thread 0x0000029f534cae10 redefined class name=com.mybaselinkV2.app.service.NewsDartTypeAService, count=1
Event: 1513.854 Thread 0x0000029f534cae10 redefined class name=com.mybaselinkV2.app.service.NewsDartTypeAService, count=5
Event: 1513.854 Thread 0x0000029f534cae10 redefined class name=com.mybaselinkV2.app.service.NewsDartTypeAService, count=3
Event: 1513.854 Thread 0x0000029f534cae10 redefined class name=com.mybaselinkV2.app.service.NewsDartTypeAService, count=4
Event: 1513.854 Thread 0x0000029f534cae10 redefined class name=com.mybaselinkV2.app.service.NewsDartTypeAService, count=5

Internal exceptions (20 events):
Event: 2304.819 Thread 0x0000029f6130b010 Exception <a 'java/lang/InterruptedException'{0x000000070a76b808}: sleep interrupted> (0x000000070a76b808) 
thrown [s\src\hotspot\share\prims\jvm.cpp, line 3074]
Event: 2304.920 Thread 0x0000029f58d5d160 Exception <a 'sun/nio/fs/WindowsException'{0x00000007ffe8e548}> (0x00000007ffe8e548) 
thrown [s\src\hotspot\share\prims\jni.cpp, line 520]
Event: 2305.424 Thread 0x0000029f58d5d160 Exception <a 'java/lang/NoClassDefFoundError'{0x00000007093e7880}: org/flywaydb/core/Flyway> (0x00000007093e7880) 
thrown [s\src\hotspot\share\oops\constantPool.cpp, line 873]
Event: 2305.426 Thread 0x0000029f58d5d160 Exception <a 'java/lang/NoClassDefFoundError'{0x00000007093e7ee0}: liquibase/integration/spring/SpringLiquibase> (0x00000007093e7ee0) 
thrown [s\src\hotspot\share\oops\constantPool.cpp, line 873]
Event: 2305.432 Thread 0x0000029f58d5d160 Exception <a 'java/lang/NoClassDefFoundError'{0x000000070901b510}: org/jooq/DSLContext> (0x000000070901b510) 
thrown [s\src\hotspot\share\oops\constantPool.cpp, line 873]
Event: 2305.437 Thread 0x0000029f58d5d160 Exception <a 'java/lang/NoClassDefFoundError'{0x00000007090903c0}: org/springframework/batch/core/repository/JobRepository> (0x00000007090903c0) 
thrown [s\src\hotspot\share\oops\constantPool.cpp, line 873]
Event: 2305.439 Thread 0x0000029f58d5d160 Exception <a 'java/lang/NoClassDefFoundError'{0x0000000709090a18}: org/quartz/Scheduler> (0x0000000709090a18) 
thrown [s\src\hotspot\share\oops\constantPool.cpp, line 873]
Event: 2305.440 Thread 0x0000029f58d5d160 Exception <a 'java/lang/NoClassDefFoundError'{0x0000000709091098}: org/springframework/session/jdbc/JdbcIndexedSessionRepository> (0x0000000709091098) 
thrown [s\src\hotspot\share\oops\constantPool.cpp, line 873]
Event: 2305.569 Thread 0x0000029f58d5d160 Exception <a 'java/io/FileNotFoundException'{0x000000070815c448}> (0x000000070815c448) 
thrown [s\src\hotspot\share\prims\jni.cpp, line 520]
Event: 2306.241 Thread 0x0000029f58d5d160 Exception <a 'java/io/FileNotFoundException'{0x0000000709e44ac0}> (0x0000000709e44ac0) 
thrown [s\src\hotspot\share\prims\jni.cpp, line 520]
Event: 2325.131 Thread 0x0000029f58d5ff50 Exception <a 'java/lang/InterruptedException'{0x0000000708f6a010}: sleep interrupted> (0x0000000708f6a010) 
thrown [s\src\hotspot\share\prims\jvm.cpp, line 3074]
Event: 2325.229 Thread 0x0000029f613088b0 Exception <a 'sun/nio/fs/WindowsException'{0x00000007ffe8a108}> (0x00000007ffe8a108) 
thrown [s\src\hotspot\share\prims\jni.cpp, line 520]
Event: 2325.762 Thread 0x0000029f613088b0 Exception <a 'java/lang/NoClassDefFoundError'{0x00000007093d37d0}: org/flywaydb/core/Flyway> (0x00000007093d37d0) 
thrown [s\src\hotspot\share\oops\constantPool.cpp, line 873]
Event: 2325.764 Thread 0x0000029f613088b0 Exception <a 'java/lang/NoClassDefFoundError'{0x00000007093d3e30}: liquibase/integration/spring/SpringLiquibase> (0x00000007093d3e30) 
thrown [s\src\hotspot\share\oops\constantPool.cpp, line 873]
Event: 2325.768 Thread 0x0000029f613088b0 Exception <a 'java/lang/NoClassDefFoundError'{0x0000000709007440}: org/jooq/DSLContext> (0x0000000709007440) 
thrown [s\src\hotspot\share\oops\constantPool.cpp, line 873]
Event: 2325.774 Thread 0x0000029f613088b0 Exception <a 'java/lang/NoClassDefFoundError'{0x000000070907c020}: org/springframework/batch/core/repository/JobRepository> (0x000000070907c020) 
thrown [s\src\hotspot\share\oops\constantPool.cpp, line 873]
Event: 2325.776 Thread 0x0000029f613088b0 Exception <a 'java/lang/NoClassDefFoundError'{0x000000070907c678}: org/quartz/Scheduler> (0x000000070907c678) 
thrown [s\src\hotspot\share\oops\constantPool.cpp, line 873]
Event: 2325.778 Thread 0x0000029f613088b0 Exception <a 'java/lang/NoClassDefFoundError'{0x000000070907ccf8}: org/springframework/session/jdbc/JdbcIndexedSessionRepository> (0x000000070907ccf8) 
thrown [s\src\hotspot\share\oops\constantPool.cpp, line 873]
Event: 2325.903 Thread 0x0000029f613088b0 Exception <a 'java/io/FileNotFoundException'{0x00000007081571d0}> (0x00000007081571d0) 
thrown [s\src\hotspot\share\prims\jni.cpp, line 520]
Event: 2326.572 Thread 0x0000029f613088b0 Exception <a 'java/io/FileNotFoundException'{0x0000000709d13718}> (0x0000000709d13718) 
thrown [s\src\hotspot\share\prims\jni.cpp, line 520]

ZGC Phase Switch (0 events):
No events

VM Operations (20 events):
Event: 2328.210 Executing VM operation: get/set locals done
Event: 2328.212 Executing VM operation: get/set locals
Event: 2328.212 Executing VM operation: get/set locals done
Event: 2328.213 Executing VM operation: get/set locals
Event: 2328.213 Executing VM operation: get/set locals done
Event: 2328.218 Executing VM operation: get/set locals
Event: 2328.218 Executing VM operation: get/set locals done
Event: 2344.780 Executing VM operation: HandshakeAllThreads (HandshakeForDeflation)
Event: 2344.780 Executing VM operation: HandshakeAllThreads (HandshakeForDeflation) done
Event: 2344.780 Executing VM operation: RendezvousGCThreads
Event: 2344.780 Executing VM operation: RendezvousGCThreads done
Event: 2348.798 Executing VM operation: get/set locals
Event: 2348.798 Executing VM operation: get/set locals done
Event: 2348.799 Executing VM operation: get/set locals
Event: 2348.799 Executing VM operation: get/set locals done
Event: 2348.800 Executing VM operation: get/set locals
Event: 2348.800 Executing VM operation: get/set locals done
Event: 2348.801 Executing VM operation: get/set locals
Event: 2348.801 Executing VM operation: get/set locals done
Event: 2384.457 Executing VM operation: G1CollectForAllocation (G1 Evacuation Pause)

Memory protections (0 events):
No events

Nmethod flushes (20 events):
Event: 2326.058 Thread 0x0000029f534cae10 flushing  nmethod 0x0000029f498f5990
Event: 2326.058 Thread 0x0000029f534cae10 flushing  nmethod 0x0000029f499e3390
Event: 2326.058 Thread 0x0000029f534cae10 flushing  nmethod 0x0000029f49ae9710
Event: 2326.058 Thread 0x0000029f534cae10 flushing  nmethod 0x0000029f49bd9d90
Event: 2326.058 Thread 0x0000029f534cae10 flushing  nmethod 0x0000029f49c29a90
Event: 2326.058 Thread 0x0000029f534cae10 flushing  nmethod 0x0000029f49d4bd10
Event: 2326.058 Thread 0x0000029f534cae10 flushing  nmethod 0x0000029f49e68790
Event: 2326.058 Thread 0x0000029f534cae10 flushing  nmethod 0x0000029f49e70710
Event: 2326.058 Thread 0x0000029f534cae10 flushing  nmethod 0x0000029f49f2c110
Event: 2326.058 Thread 0x0000029f534cae10 flushing  nmethod 0x0000029f49f90710
Event: 2326.058 Thread 0x0000029f534cae10 flushing  nmethod 0x0000029f4a10bd90
Event: 2326.058 Thread 0x0000029f534cae10 flushing  nmethod 0x0000029f4a193e10
Event: 2326.058 Thread 0x0000029f534cae10 flushing  nmethod 0x0000029f4a27ad10
Event: 2326.058 Thread 0x0000029f534cae10 flushing  nmethod 0x0000029f4a2cbc10
Event: 2326.058 Thread 0x0000029f534cae10 flushing  nmethod 0x0000029f4a2fc310
Event: 2326.058 Thread 0x0000029f534cae10 flushing  nmethod 0x0000029f4a435090
Event: 2326.058 Thread 0x0000029f534cae10 flushing  nmethod 0x0000029f4a43c110
Event: 2326.058 Thread 0x0000029f534cae10 flushing  nmethod 0x0000029f4a43da10
Event: 2326.058 Thread 0x0000029f534cae10 flushing  nmethod 0x0000029f4a458590
Event: 2326.058 Thread 0x0000029f534cae10 flushing  nmethod 0x0000029f4a535190

Events (20 events):
Event: 2325.132 Thread 0x0000029f58d5eba0 Thread exited: 0x0000029f58d5eba0
Event: 2325.211 Thread 0x0000029f6130d0e0 Thread added: 0x0000029f61308f40
Event: 2325.211 Thread 0x0000029f58d5f8c0 Thread exited: 0x0000029f58d5f8c0
Event: 2325.211 Thread 0x0000029f61308f40 Thread exited: 0x0000029f61308f40
Event: 2325.212 Thread 0x0000029f6130d0e0 Thread added: 0x0000029f613088b0
Event: 2325.351 Thread 0x0000029f613088b0 Thread added: 0x0000029f61308f40
Event: 2325.419 Thread 0x0000029f61308f40 Thread exited: 0x0000029f61308f40
Event: 2326.200 Thread 0x0000029f613088b0 Thread added: 0x0000029f6130b6a0
Event: 2326.228 Thread 0x0000029f5350c720 Thread added: 0x0000029f5c3a6780
Event: 2326.228 Thread 0x0000029f5350c720 Thread added: 0x0000029f5c3a7520
Event: 2326.228 Thread 0x0000029f5350c720 Thread added: 0x0000029f5c3a7bf0
Event: 2326.313 Thread 0x0000029f6130b6a0 Thread added: 0x0000029f61308220
Event: 2326.573 Thread 0x0000029f613088b0 Thread added: 0x0000029f6130c3c0
Event: 2326.573 Thread 0x0000029f613088b0 Thread added: 0x0000029f61308f40
Event: 2326.573 Thread 0x0000029f613088b0 Thread added: 0x0000029f6130b010
Event: 2331.528 Thread 0x0000029f61308220 Thread exited: 0x0000029f61308220
Event: 2331.576 Thread 0x0000029f5c3a7bf0 Thread exited: 0x0000029f5c3a7bf0
Event: 2336.585 Thread 0x0000029f5c3a7520 Thread exited: 0x0000029f5c3a7520
Event: 2336.585 Thread 0x0000029f5c3a6780 Thread exited: 0x0000029f5c3a6780
Event: 2381.859 Thread 0x0000029f58d5b090 Thread exited: 0x0000029f58d5b090


Dynamic libraries:
0x00007ff7c5030000 - 0x00007ff7c503e000 	D:\project\dev_boot_project\sts-4.32.0.RELEASE\plugins\org.eclipse.justj.openjdk.hotspot.jre.full.win32.x86_64_21.0.8.v20250724-1412\jre\bin\javaw.exe
0x00007ffb62a00000 - 0x00007ffb62c67000 	C:\WINDOWS\SYSTEM32\ntdll.dll
0x00007ffb61500000 - 0x00007ffb615c9000 	C:\WINDOWS\System32\KERNEL32.DLL
0x00007ffb5ff80000 - 0x00007ffb6036f000 	C:\WINDOWS\System32\KERNELBASE.dll
0x00007ffb5fd80000 - 0x00007ffb5fecb000 	C:\WINDOWS\System32\ucrtbase.dll
0x00007ffb04f70000 - 0x00007ffb04f88000 	D:\project\dev_boot_project\sts-4.32.0.RELEASE\plugins\org.eclipse.justj.openjdk.hotspot.jre.full.win32.x86_64_21.0.8.v20250724-1412\jre\bin\jli.dll
0x00007ffaed780000 - 0x00007ffaed79e000 	D:\project\dev_boot_project\sts-4.32.0.RELEASE\plugins\org.eclipse.justj.openjdk.hotspot.jre.full.win32.x86_64_21.0.8.v20250724-1412\jre\bin\VCRUNTIME140.dll
0x00007ffb616d0000 - 0x00007ffb61895000 	C:\WINDOWS\System32\USER32.dll
0x00007ffb604b0000 - 0x00007ffb604d7000 	C:\WINDOWS\System32\win32u.dll
0x00007ffb62990000 - 0x00007ffb629bb000 	C:\WINDOWS\System32\GDI32.dll
0x00007ffb60380000 - 0x00007ffb604ac000 	C:\WINDOWS\System32\gdi32full.dll
0x00007ffb51660000 - 0x00007ffb518f3000 	C:\WINDOWS\WinSxS\amd64_microsoft.windows.common-controls_6595b64144ccf1df_6.0.26100.7309_none_3e05feeae336a044\COMCTL32.dll
0x00007ffb606f0000 - 0x00007ffb60793000 	C:\WINDOWS\System32\msvcp_win.dll
0x00007ffb61ab0000 - 0x00007ffb61b59000 	C:\WINDOWS\System32\msvcrt.dll
0x00007ffb614c0000 - 0x00007ffb614f1000 	C:\WINDOWS\System32\IMM32.DLL
0x00007ffb46930000 - 0x00007ffb4693c000 	D:\project\dev_boot_project\sts-4.32.0.RELEASE\plugins\org.eclipse.justj.openjdk.hotspot.jre.full.win32.x86_64_21.0.8.v20250724-1412\jre\bin\vcruntime140_1.dll
0x00007ffaebed0000 - 0x00007ffaebf5d000 	D:\project\dev_boot_project\sts-4.32.0.RELEASE\plugins\org.eclipse.justj.openjdk.hotspot.jre.full.win32.x86_64_21.0.8.v20250724-1412\jre\bin\msvcp140.dll
0x00007ffb031e0000 - 0x00007ffb03f77000 	D:\project\dev_boot_project\sts-4.32.0.RELEASE\plugins\org.eclipse.justj.openjdk.hotspot.jre.full.win32.x86_64_21.0.8.v20250724-1412\jre\bin\server\jvm.dll
0x00007ffb61380000 - 0x00007ffb61434000 	C:\WINDOWS\System32\ADVAPI32.dll
0x00007ffb611b0000 - 0x00007ffb61256000 	C:\WINDOWS\System32\sechost.dll
0x00007ffb61260000 - 0x00007ffb61378000 	C:\WINDOWS\System32\RPCRT4.dll
0x00007ffb60990000 - 0x00007ffb60a04000 	C:\WINDOWS\System32\WS2_32.dll
0x00007ffb51910000 - 0x00007ffb51945000 	C:\WINDOWS\SYSTEM32\WINMM.dll
0x00007ffb5f9b0000 - 0x00007ffb5fa0e000 	C:\WINDOWS\SYSTEM32\POWRPROF.dll
0x00007ffb577e0000 - 0x00007ffb577eb000 	C:\WINDOWS\SYSTEM32\VERSION.dll
0x00007ffb5f990000 - 0x00007ffb5f9a4000 	C:\WINDOWS\SYSTEM32\UMPDC.dll
0x00007ffb5e900000 - 0x00007ffb5e91b000 	C:\WINDOWS\SYSTEM32\kernel.appcore.dll
0x00007ffb55490000 - 0x00007ffb5549a000 	D:\project\dev_boot_project\sts-4.32.0.RELEASE\plugins\org.eclipse.justj.openjdk.hotspot.jre.full.win32.x86_64_21.0.8.v20250724-1412\jre\bin\jimage.dll
0x00007ffb5d2c0000 - 0x00007ffb5d502000 	C:\WINDOWS\SYSTEM32\DBGHELP.DLL
0x00007ffb60e20000 - 0x00007ffb611a6000 	C:\WINDOWS\System32\combase.dll
0x00007ffb60d30000 - 0x00007ffb60e06000 	C:\WINDOWS\System32\OLEAUT32.dll
0x00007ffb5d280000 - 0x00007ffb5d2bc000 	C:\WINDOWS\SYSTEM32\dbgcore.DLL
0x00007ffb5fed0000 - 0x00007ffb5ff75000 	C:\WINDOWS\System32\bcryptPrimitives.dll
0x00007ffb59080000 - 0x00007ffb590bc000 	D:\project\dev_boot_project\sts-4.32.0.RELEASE\plugins\org.eclipse.justj.openjdk.hotspot.jre.full.win32.x86_64_21.0.8.v20250724-1412\jre\bin\jdwp.dll
0x00007ffb5a570000 - 0x00007ffb5a57f000 	D:\project\dev_boot_project\sts-4.32.0.RELEASE\plugins\org.eclipse.justj.openjdk.hotspot.jre.full.win32.x86_64_21.0.8.v20250724-1412\jre\bin\instrument.dll
0x00007ffb55470000 - 0x00007ffb5548f000 	D:\project\dev_boot_project\sts-4.32.0.RELEASE\plugins\org.eclipse.justj.openjdk.hotspot.jre.full.win32.x86_64_21.0.8.v20250724-1412\jre\bin\java.dll
0x00007ffb62230000 - 0x00007ffb62983000 	C:\WINDOWS\System32\SHELL32.dll
0x00007ffb5fb50000 - 0x00007ffb5fcba000 	C:\WINDOWS\System32\wintypes.dll
0x00007ffb5d790000 - 0x00007ffb5dfee000 	C:\WINDOWS\SYSTEM32\windows.storage.dll
0x00007ffb60c30000 - 0x00007ffb60d25000 	C:\WINDOWS\System32\SHCORE.dll
0x00007ffb61660000 - 0x00007ffb616c6000 	C:\WINDOWS\System32\shlwapi.dll
0x00007ffb5fa70000 - 0x00007ffb5fa99000 	C:\WINDOWS\SYSTEM32\profapi.dll
0x00007ffb55450000 - 0x00007ffb55468000 	D:\project\dev_boot_project\sts-4.32.0.RELEASE\plugins\org.eclipse.justj.openjdk.hotspot.jre.full.win32.x86_64_21.0.8.v20250724-1412\jre\bin\zip.dll
0x00007ffb590f0000 - 0x00007ffb590fb000 	D:\project\dev_boot_project\sts-4.32.0.RELEASE\plugins\org.eclipse.justj.openjdk.hotspot.jre.full.win32.x86_64_21.0.8.v20250724-1412\jre\bin\dt_socket.dll
0x00007ffb5e310000 - 0x00007ffb5e344000 	C:\WINDOWS\SYSTEM32\IPHLPAPI.DLL
0x00007ffb5ee70000 - 0x00007ffb5eedb000 	C:\WINDOWS\system32\mswsock.dll
0x00007ffb5e3a0000 - 0x00007ffb5e4cc000 	C:\WINDOWS\SYSTEM32\DNSAPI.dll
0x00007ffb60c20000 - 0x00007ffb60c2a000 	C:\WINDOWS\System32\NSI.dll
0x00007ffb53b60000 - 0x00007ffb53b6b000 	C:\Windows\System32\rasadhlp.dll
0x00007ffb562f0000 - 0x00007ffb56376000 	C:\WINDOWS\System32\fwpuclnt.dll
0x00007ffb55440000 - 0x00007ffb55450000 	D:\project\dev_boot_project\sts-4.32.0.RELEASE\plugins\org.eclipse.justj.openjdk.hotspot.jre.full.win32.x86_64_21.0.8.v20250724-1412\jre\bin\net.dll
0x00007ffb5ce90000 - 0x00007ffb5cfb8000 	C:\WINDOWS\SYSTEM32\WINHTTP.dll
0x00007ffb55420000 - 0x00007ffb55436000 	D:\project\dev_boot_project\sts-4.32.0.RELEASE\plugins\org.eclipse.justj.openjdk.hotspot.jre.full.win32.x86_64_21.0.8.v20250724-1412\jre\bin\nio.dll
0x00007ffb52f10000 - 0x00007ffb52f1a000 	D:\project\dev_boot_project\sts-4.32.0.RELEASE\plugins\org.eclipse.justj.openjdk.hotspot.jre.full.win32.x86_64_21.0.8.v20250724-1412\jre\bin\management.dll
0x00007ffb52590000 - 0x00007ffb5259b000 	D:\project\dev_boot_project\sts-4.32.0.RELEASE\plugins\org.eclipse.justj.openjdk.hotspot.jre.full.win32.x86_64_21.0.8.v20250724-1412\jre\bin\management_ext.dll
0x00007ffb60e10000 - 0x00007ffb60e18000 	C:\WINDOWS\System32\PSAPI.DLL
0x00007ffb4e6f0000 - 0x00007ffb4e708000 	C:\WINDOWS\system32\napinsp.dll
0x00007ffb4e590000 - 0x00007ffb4e5a2000 	C:\WINDOWS\System32\winrnr.dll
0x00007ffb4e560000 - 0x00007ffb4e582000 	C:\WINDOWS\system32\nlansp_c.dll
0x00007ffb56b90000 - 0x00007ffb56ba6000 	C:\WINDOWS\system32\wshbth.dll
0x00007ffb50440000 - 0x00007ffb50450000 	D:\project\dev_boot_project\sts-4.32.0.RELEASE\plugins\org.eclipse.justj.openjdk.hotspot.jre.full.win32.x86_64_21.0.8.v20250724-1412\jre\bin\verify.dll
0x00007ffb5f130000 - 0x00007ffb5f14b000 	C:\WINDOWS\SYSTEM32\CRYPTSP.dll
0x00007ffb5e860000 - 0x00007ffb5e89a000 	C:\WINDOWS\system32\rsaenh.dll
0x00007ffb5ef20000 - 0x00007ffb5ef4b000 	C:\WINDOWS\SYSTEM32\USERENV.dll
0x00007ffb5fa40000 - 0x00007ffb5fa6a000 	C:\WINDOWS\SYSTEM32\bcrypt.dll
0x00007ffb5f950000 - 0x00007ffb5f95c000 	C:\WINDOWS\SYSTEM32\CRYPTBASE.dll
0x00007ffb54290000 - 0x00007ffb54299000 	D:\project\dev_boot_project\sts-4.32.0.RELEASE\plugins\org.eclipse.justj.openjdk.hotspot.jre.full.win32.x86_64_21.0.8.v20250724-1412\jre\bin\extnet.dll
0x00007ffb3e3a0000 - 0x00007ffb3e3ae000 	D:\project\dev_boot_project\sts-4.32.0.RELEASE\plugins\org.eclipse.justj.openjdk.hotspot.jre.full.win32.x86_64_21.0.8.v20250724-1412\jre\bin\sunmscapi.dll
0x00007ffb604e0000 - 0x00007ffb60657000 	C:\WINDOWS\System32\CRYPT32.dll
0x00007ffb5f340000 - 0x00007ffb5f370000 	C:\WINDOWS\SYSTEM32\ncrypt.dll
0x00007ffb5f2f0000 - 0x00007ffb5f32f000 	C:\WINDOWS\SYSTEM32\NTASN1.dll
0x00007ffb52580000 - 0x00007ffb52588000 	C:\WINDOWS\system32\wshunix.dll

JVMTI agents:
jdwp path:D:\project\dev_boot_project\sts-4.32.0.RELEASE\plugins\org.eclipse.justj.openjdk.hotspot.jre.full.win32.x86_64_21.0.8.v20250724-1412\jre\bin\jdwp.dll, loaded, initialized, options:transport=dt_socket,suspend=y,address=localhost:59863
D:\project\dev_boot_project\sts-4.32.0.RELEASE\configuration\org.eclipse.osgi\272\0\.cp\lib\javaagent-shaded.jar path:D:\project\dev_boot_project\sts-4.32.0.RELEASE\plugins\org.eclipse.justj.openjdk.hotspot.jre.full.win32.x86_64_21.0.8.v20250724-1412\jre\bin\instrument.dll, loaded, initialized, instrumentlib options:none

dbghelp: loaded successfully - version: 4.0.5 - missing functions: none
symbol engine: initialized successfully - sym options: 0x614 - pdb path: .;D:\project\dev_boot_project\sts-4.32.0.RELEASE\plugins\org.eclipse.justj.openjdk.hotspot.jre.full.win32.x86_64_21.0.8.v20250724-1412\jre\bin;C:\WINDOWS\SYSTEM32;C:\WINDOWS\WinSxS\amd64_microsoft.windows.common-controls_6595b64144ccf1df_6.0.26100.7309_none_3e05feeae336a044;D:\project\dev_boot_project\sts-4.32.0.RELEASE\plugins\org.eclipse.justj.openjdk.hotspot.jre.full.win32.x86_64_21.0.8.v20250724-1412\jre\bin\server

VM Arguments:
jvm_args: -XX:+ShowCodeDetailsInExceptionMessages -agentlib:jdwp=transport=dt_socket,suspend=y,address=localhost:59863 -Dcom.sun.management.jmxremote -Dcom.sun.management.jmxremote.port=59862 -Dcom.sun.management.jmxremote.authenticate=false -Dcom.sun.management.jmxremote.ssl=false -Djava.rmi.server.hostname=localhost -Dspring.jmx.enabled=true -Dmanagement.endpoints.jmx.exposure.include=* -Dspring.application.admin.enabled=true -Dspring.profiles.active=local -Dspring.output.ansi.enabled=always -XX:TieredStopAtLevel=1 -Dspring.boot.project.name=MyBaseLinkV2 -javaagent:D:\project\dev_boot_project\sts-4.32.0.RELEASE\configuration\org.eclipse.osgi\272\0\.cp\lib\javaagent-shaded.jar -Dfile.encoding=UTF-8 -Dstdout.encoding=UTF-8 -Dstderr.encoding=UTF-8 
java_command: com.mybaselinkV2.app.MyBaseLinkV2Application
java_class_path (initial): D:\project\dev_boot_project\workspace\MyBaseLinkV2\target\classes;C:\Users\dragon\.m2\repository\org\springframework\boot\spring-boot-starter-web\3.5.6\spring-boot-starter-web-3.5.6.jar;C:\Users\dragon\.m2\repository\org\springframework\boot\spring-boot-starter\3.5.6\spring-boot-starter-3.5.6.jar;C:\Users\dragon\.m2\repository\org\springframework\boot\spring-boot-starter-logging\3.5.6\spring-boot-starter-logging-3.5.6.jar;C:\Users\dragon\.m2\repository\ch\qos\logback\logback-classic\1.5.18\logback-classic-1.5.18.jar;C:\Users\dragon\.m2\repository\ch\qos\logback\logback-core\1.5.18\logback-core-1.5.18.jar;C:\Users\dragon\.m2\repository\org\apache\logging\log4j\log4j-to-slf4j\2.24.3\log4j-to-slf4j-2.24.3.jar;C:\Users\dragon\.m2\repository\org\slf4j\jul-to-slf4j\2.0.17\jul-to-slf4j-2.0.17.jar;C:\Users\dragon\.m2\repository\org\yaml\snakeyaml\2.4\snakeyaml-2.4.jar;C:\Users\dragon\.m2\repository\org\springframework\boot\spring-boot-starter-json\3.5.6\spring-boot-starter-json-3.5.6.jar;C:\Users\dragon\.m2\repository\com\fasterxml\jackson\datatype\jackson-datatype-jsr310\2.19.2\jackson-datatype-jsr310-2.19.2.jar;C:\Users\dragon\.m2\repository\com\fasterxml\jackson\module\jackson-module-parameter-names\2.19.2\jackson-module-parameter-names-2.19.2.jar;C:\Users\dragon\.m2\repository\org\springframework\spring-web\6.2.11\spring-web-6.2.11.jar;C:\Users\dragon\.m2\repository\org\springframework\spring-beans\6.2.11\spring-beans-6.2.11.jar;C:\Users\dragon\.m2\repository\io\micrometer\micrometer-observation\1.15.4\micrometer-observation-1.15.4.jar;C:\Users\dragon\.m2\repository\io\micrometer\micrometer-commons\1.15.4\micrometer-commons-1.15.4.jar;C:\Users\dragon\.m2\repository\org\springframework\spring-webmvc\6.2.11\spring-webmvc-6.2.11.jar;C:\Users\dragon\.m2\repository\org\springframework\spring-context\6.2.11\spring-context-6.2.11.jar;C:\Users\dragon\.m2\repository\org\springframework\spring-expression\6.2.11\spring-expression-6.2.11.jar;C:\Users\dragon\.m2\repository\org\springframework\boot\spring-boot-starter-tomcat\3.5.6\spring-boot-starter-tomcat-3.5.6.jar;C:\Users\dragon\.m2\repository\jakarta\annotation\jakarta.annotation-api\2.1.1\jakarta.annotation-api-2.1.1.jar;C:\Users\dragon\.m2\repository\org\apache\tomcat\embed\tomcat-embed-core\10.1.46\tomcat-embed-core-10.1.46.jar;C:\Users\dragon\.m2\repository\org\apache\tomcat\embed\tomcat-embed-el\10.1.46\tomcat-embed-el-10.1.46.jar;C:\Users\dragon\.m2\repository\org\apache\tomcat\embed\tomcat-embed-websocket\10.1.46\tomcat-embed-websocket-10.1.46.jar;C:\Users\dragon\.m2\repository\org\springframework\boot\spring-boot-starter-security\3.5.6\spring-boot-starter-security-3.5.6.jar;C:\Users\dragon\.m2\repository\org\springframework\spring-aop\6.2.11\spring-aop-6.2.11.jar;C:\Users\dragon\.m2\repository\org\springframework\security\spring-security-config\6.5.5\spring-security-config-6.5.5.jar;C:\Users\dragon\.m2\repository\org\springframework\security\spring-security-core\6.5.5\spring-security-core-6.5.5.jar;C:\Users\dragon\.m2\repository\org\springframework\security\spring-security-crypto\6.5.5\spring-security-crypto-6.5.5.jar;C:\Users\dragon\.m2\repository\org\springframework\security\spring-security-web\6.5.5\spring-security-web-6.5.5.jar;C:\Users\dragon\.m2\repository\io\jsonwebtoken\jjwt-api\0.11.5\jjwt-api-0.11.5.jar;C:\Users\dragon\.m2\repository\io\jsonwebtoken\jjwt-impl\0.11.5\jjwt-impl-0.11.5.jar;C:\Users\dragon\.m2\repository\io\jsonwebtoken\jjwt-jackson\0.11.5\jjwt-jackson-0.11.5.jar;C:\Users\dragon\.m2\repository\com\fasterxml\jackson\core\jackson-databind\2.19.2\jackson-databind-2.19.2.jar;C:\Users\dragon\.m2\repository\com\fasterxml\jackson\core\jackson-annotations\2.19.2\jackson-annotations-2.19.2.jar;C:\Users\dragon\.m2\repository\com\fasterxml\jackson\core\jackson-core\2.19.2\jackson-core-2.19.2.jar;C:\Users\dragon\.m2\repository\org\springframework\boot\spring-boot-starter-thymeleaf\3.5.6\spring-boot-starter-thymeleaf-3.5.6.jar;C:\Users\dragon\.m2\repository\org\thymeleaf\thymeleaf-spring6\3.1.3.RELEASE\thymeleaf-spring6-3.1.3.RELEASE.jar;C:\Users\dragon\.m2\repository\nz\net\ultraq\thymeleaf\thymeleaf-layout-dialect\3.4.0\thymeleaf-layout-dialect-3.4.0.jar;C:\Users\dragon\.m2\repository\org\apache\groovy\groovy\4.0.28\groovy-4.0.28.jar;C:\Users\dragon\.m2\repository\nz\net\ultraq\groovy\groovy-extensions\2.3.3\groovy-extensions-2.3.3.jar;C:\Users\dragon\.m2\repository\nz\net\ultraq\thymeleaf\thymeleaf-expression-processor\3.2.0\thymeleaf-expression-processor-3.2.0.jar;C:\Users\dragon\.m2\repository\org\thymeleaf\thymeleaf\3.1.3.RELEASE\thymeleaf-3.1.3.RELEASE.jar;C:\Users\dragon\.m2\repository\ognl\ognl\3.3.4\ognl-3.3.4.jar;C:\Users\dragon\.m2\repository\org\javassist\javassist\3.29.0-GA\javassist-3.29.0-GA.jar;C:\Users\dragon\.m2\repository\org\attoparser\attoparser\2.0.7.RELEASE\attoparser-2.0.7.RELEASE.jar;C:\Users\dragon\.m2\repository\org\unbescape\unbescape\1.1.6.RELEASE\unbescape-1.1.6.RELEASE.jar;C:\Users\dragon\.m2\repository\org\slf4j\slf4j-api\2.0.17\slf4j-api-2.0.17.jar;C:\Users\dragon\.m2\repository\org\springframework\boot\spring-boot-starter-data-jpa\3.5.6\spring-boot-starter-data-jpa-3.5.6.jar;C:\Users\dragon\.m2\repository\org\springframework\boot\spring-boot-starter-jdbc\3.5.6\spring-boot-starter-jdbc-3.5.6.jar;C:\Users\dragon\.m2\repository\com\zaxxer\HikariCP\6.3.3\HikariCP-6.3.3.jar;C:\Users\dragon\.m2\repository\org\springframework\spring-jdbc\6.2.11\spring-jdbc-6.2.11.jar;C:\Users\dragon\.m2\repository\org\hibernate\orm\hibernate-core\6.6.29.Final\hibernate-core-6.6.29.Final.jar;C:\Users\dragon\.m2\repository\jakarta\persistence\jakarta.persistence-api\3.1.0\jakarta.persistence-api-3.1.0.jar;C:\Users\dragon\.m2\repository\jakarta\transaction\jakarta.transaction-api\2.0.1\jakarta.transaction-api-2.0.1.jar;C:\Users\dragon\.m2\repository\org\jboss\logging\jboss-logging\3.6.1.Final\jboss-logging-3.6.1.Final.jar;C:\Users\dragon\.m2\repository\org\hibernate\common\hibernate-commons-annotations\7.0.3.Final\hibernate-commons-annotations-7.0.3.Final.jar;C:\Users\dragon\.m2\repository\io\smallrye\jandex\3.2.0\jandex-3.2.0.jar;C:\Users\dragon\.m2\repository\com\fasterxml\classmate\1.7.0\classmate-1.7.0.jar;C:\Users\dragon\.m2\repository\net\bytebuddy\byte-buddy\1.17.7\byte-buddy-1.17.7.jar;C:\Users\dragon\.m2\repository\org\glassfish\jaxb\jaxb-runtime\4.0.5\jaxb-runtime-4.0.5.jar;C:\Users\dragon\.m2\repository\org\glassfish\jaxb\jaxb-core\4.0.5\jaxb-core-4.0.5.jar;C:\Users\dragon\.m2\repository\org\eclipse\angus\angus-activation\2.0.2\angus-activation-2.0.2.jar;C:\Users\dragon\.m2\repository\org\glassfish\jaxb\txw2\4.0.5\txw2-4.0.5.jar;C:\Users\dragon\.m2\repository\com\sun\istack\istack-commons-runtime\4.1.2\istack-commons-runtime-4.1.2.jar;C:\Users\dragon\.m2\repository\jakarta\inject\jakarta.inject-api\2.0.1\jakarta.inject-api-2.0.1.jar;C:\Users\dragon\.m2\repository\org\antlr\antlr4-runtime\4.13.0\antlr4-runtime-4.13.0.jar;C:\Users\dragon\.m2\repository\org\springframework\data\spring-data-jpa\3.5.4\spring-data-jpa-3.5.4.jar;C:\Users\dragon\.m2\repository\org\springframework\data\spring-data-commons\3.5.4\spring-data-commons-3.5.4.jar;C:\Users\dragon\.m2\repository\org\springframework\spring-orm\6.2.11\spring-orm-6.2.11.jar;C:\Users\dragon\.m2\repository\org\springframework\spring-tx\6.2.11\spring-tx-6.2.11.jar;C:\Users\dragon\.m2\repository\org\springframework\spring-aspects\6.2.11\spring-aspects-6.2.11.jar;C:\Users\dragon\.m2\repository\org\aspectj\aspectjweaver\1.9.24\aspectjweaver-1.9.24.jar;C:\Users\dragon\.m2\repository\org\postgresql\postgresql\42.7.3\postgresql-42.7.3.jar;C:\Users\dragon\.m2\repository\org\checkerframework\checker-qual\3.42.0\checker-qual-3.42.0.jar;C:\Users\dragon\.m2\repository\org\springframework\boot\spring-boot-starter-validation\3.5.6\spring-boot-starter-validation-3.5.6.jar;C:\Users\dragon\.m2\repository\org\hibernate\validator\hibernate-validator\8.0.3.Final\hibernate-validator-8.0.3.Final.jar;C:\Users\dragon\.m2\repository\jakarta\validation\jakarta.validation-api\3.0.2\jakarta.validation-api-3.0.2.jar;C:\Users\dragon\.m2\repository\org\apache\poi\poi-ooxml\5.3.0\poi-ooxml-5.3.0.jar;C:\Users\dragon\.m2\repository\org\apache\poi\poi\5.3.0\poi-5.3.0.jar;C:\Users\dragon\.m2\repository\com\zaxxer\SparseBitSet\1.3\SparseBitSet-1.3.jar;C:\Users\dragon\.m2\repository\org\apache\poi\poi-ooxml-lite\5.3.0\poi-ooxml-lite-5.3.0.jar;C:\Users\dragon\.m2\repository\org\apache\xmlbeans\xmlbeans\5.2.1\xmlbeans-5.2.1.jar;C:\Users\dragon\.m2\repository\org\apache\commons\commons-compress\1.26.2\commons-compress-1.26.2.jar;C:\Users\dragon\.m2\repository\commons-io\commons-io\2.16.1\commons-io-2.16.1.jar;C:\Users\dragon\.m2\repository\com\github\virtuald\curvesapi\1.08\curvesapi-1.08.jar;C:\Users\dragon\.m2\repository\org\apache\logging\log4j\log4j-api\2.24.3\log4j-api-2.24.3.jar;C:\Users\dragon\.m2\repository\org\apache\commons\commons-collections4\4.4\commons-collections4-4.4.jar;C:\Users\dragon\.m2\repository\org\json\json\20231013\json-20231013.jar;C:\Users\dragon\.m2\repository\org\springframework\boot\spring-boot-starter-cache\3.5.6\spring-boot-starter-cache-3.5.6.jar;C:\Users\dragon\.m2\repository\org\springframework\spring-context-support\6.2.11\spring-context-support-6.2.11.jar;C:\Users\dragon\.m2\repository\com\github\ben-manes\caffeine\caffeine\3.2.2\caffeine-3.2.2.jar;C:\Users\dragon\.m2\repository\org\jspecify\jspecify\1.0.0\jspecify-1.0.0.jar;C:\Users\dragon\.m2\repository\com\google\errorprone\error_prone_annotations\2.40.0\error_prone_annotations-2.40.0.jar;C:\Users\dragon\.m2\repository\org\apache\parquet\parquet-avro\1.14.1\parquet-avro-1.14.1.jar;C:\Users\dragon\.m2\repository\org\apache\parquet\parquet-column\1.14.1\parquet-column-1.14.1.jar;C:\Users\dragon\.m2\repository\org\apache\parquet\parquet-encoding\1.14.1\parquet-encoding-1.14.1.jar;C:\Users\dragon\.m2\repository\org\apache\parquet\parquet-common\1.14.1\parquet-common-1.14.1.jar;C:\Users\dragon\.m2\repository\org\apache\avro\avro\1.11.3\avro-1.11.3.jar;C:\Users\dragon\.m2\repository\org\apache\parquet\parquet-hadoop\1.14.1\parquet-hadoop-1.14.1.jar;C:\Users\dragon\.m2\repository\org\apache\parquet\parquet-format-structures\1.14.1\parquet-format-structures-1.14.1.jar;C:\Users\dragon\.m2\repository\javax\annotation\javax.annotation-api\1.3.2\javax.annotation-api-1.3.2.jar;C:\Users\dragon\.m2\repository\org\apache\parquet\parquet-jackson\1.14.1\parquet-jackson-1.14.1.jar;C:\Users\dragon\.m2\repository\com\fasterxml\jackson\datatype\jackson-datatype-jdk8\2.19.2\jackson-datatype-jdk8-2.19.2.jar;C:\Users\dragon\.m2\repository\org\xerial\snappy\snappy-java\1.1.10.5\snappy-java-1.1.10.5.jar;C:\Users\dragon\.m2\repository\io\airlift\aircompressor\0.27\aircompressor-0.27.jar;C:\Users\dragon\.m2\repository\commons-pool\commons-pool\1.6\commons-pool-1.6.jar;C:\Users\dragon\.m2\repository\com\github\luben\zstd-jni\1.5.6-2\zstd-jni-1.5.6-2.jar;C:\Users\dragon\.m2\repository\org\apache\hadoop\hadoop-common\3.4.1\hadoop-common-3.4.1.jar;C:\Users\dragon\.m2\repository\org\apache\hadoop\thirdparty\hadoop-shaded-protobuf_3_25\1.3.0\hadoop-shaded-protobuf_3_25-1.3.0.jar;C:\Users\dragon\.m2\repository\org\apache\hadoop\hadoop-annotations\3.4.1\hadoop-annotations-3.4.1.jar;C:\Users\dragon\.m2\repository\org\apache\hadoop\thirdparty\hadoop-shaded-guava\1.3.0\hadoop-shaded-guava-1.3.0.jar;C:\Users\dragon\.m2\repository\com\google\guava\guava\27.0-jre\guava-27.0-jre.jar;C:\Users\dragon\.m2\repository\com\google\guava\failureaccess\1.0\failureaccess-1.0.jar;C:\Users\dragon\.m2\repository\com\google\guava\listenablefuture\9999.0-empty-to-avoid-conflict-with-guava\listenablefuture-9999.0-empty-to-avoid-conflict-with-guava.jar;C:\Users\dragon\.m2\repository\com\google\j2objc\j2objc-annotations\1.1\j2objc-annotations-1.1.jar;C:\Users\dragon\.m2\repository\org\codehaus\mojo\animal-sniffer-annotations\1.17\animal-sniffer-annotations-1.17.jar;C:\Users\dragon\.m2\repository\commons-cli\commons-cli\1.5.0\commons-cli-1.5.0.jar;C:\Users\dragon\.m2\repository\org\apache\commons\commons-math3\3.6.1\commons-math3-3.6.1.jar;C:\Users\dragon\.m2\repository\org\apache\httpcomponents\httpclient\4.5.13\httpclient-4.5.13.jar;C:\Users\dragon\.m2\repository\org\apache\httpcomponents\httpcore\4.4.16\httpcore-4.4.16.jar;C:\Users\dragon\.m2\repository\commons-codec\commons-codec\1.18.0\commons-codec-1.18.0.jar;C:\Users\dragon\.m2\repository\commons-net\commons-net\3.9.0\commons-net-3.9.0.jar;C:\Users\dragon\.m2\repository\commons-collections\commons-collections\3.2.2\commons-collections-3.2.2.jar;C:\Users\dragon\.m2\repository\javax\servlet\javax.servlet-api\3.1.0\javax.servlet-api-3.1.0.jar;C:\Users\dragon\.m2\repository\jakarta\activation\jakarta.activation-api\2.1.4\jakarta.activation-api-2.1.4.jar;C:\Users\dragon\.m2\repository\org\eclipse\jetty\jetty-server\12.0.27\jetty-server-12.0.27.jar;C:\Users\dragon\.m2\repository\org\eclipse\jetty\jetty-http\12.0.27\jetty-http-12.0.27.jar;C:\Users\dragon\.m2\repository\org\eclipse\jetty\jetty-io\12.0.27\jetty-io-12.0.27.jar;C:\Users\dragon\.m2\repository\org\eclipse\jetty\jetty-util\12.0.27\jetty-util-12.0.27.jar;C:\Users\dragon\.m2\repository\org\eclipse\jetty\jetty-servlet\9.4.53.v20231009\jetty-servlet-9.4.53.v20231009.jar;C:\Users\dragon\.m2\repository\org\eclipse\jetty\jetty-security\12.0.27\jetty-security-12.0.27.jar;C:\Users\dragon\.m2\repository\org\eclipse\jetty\jetty-util-ajax\12.0.27\jetty-util-ajax-12.0.27.jar;C:\Users\dragon\.m2\repository\org\eclipse\jetty\jetty-webapp\9.4.53.v20231009\jetty-webapp-9.4.53.v20231009.jar;C:\Users\dragon\.m2\repository\org\eclipse\jetty\jetty-xml\12.0.27\jetty-xml-12.0.27.jar;C:\Users\dragon\.m2\repository\javax\servlet\jsp\jsp-api\2.1\jsp-api-2.1.jar;C:\Users\dragon\.m2\repository\com\sun\jersey\jersey-core\1.19.4\jersey-core-1.19.4.jar;C:\Users\dragon\.m2\repository\javax\ws\rs\jsr311-api\1.1.1\jsr311-api-1.1.1.jar;C:\Users\dragon\.m2\repository\com\sun\jersey\jersey-servlet\1.19.4\jersey-servlet-1.19.4.jar;C:\Users\dragon\.m2\repository\com\github\pjfanning\jersey-json\1.22.0\jersey-json-1.22.0.jar;C:\Users\dragon\.m2\repository\com\sun\xml\bind\jaxb-impl\4.0.5\jaxb-impl-4.0.5.jar;C:\Users\dragon\.m2\repository\com\sun\xml\bind\jaxb-core\4.0.5\jaxb-core-4.0.5.jar;C:\Users\dragon\.m2\repository\org\codehaus\jettison\jettison\1.5.4\jettison-1.5.4.jar;C:\Users\dragon\.m2\repository\com\sun\jersey\jersey-server\1.19.4\jersey-server-1.19.4.jar;C:\Users\dragon\.m2\repository\ch\qos\reload4j\reload4j\1.2.22\reload4j-1.2.22.jar;C:\Users\dragon\.m2\repository\commons-beanutils\commons-beanutils\1.9.4\commons-beanutils-1.9.4.jar;C:\Users\dragon\.m2\repository\org\apache\commons\commons-configuration2\2.10.1\commons-configuration2-2.10.1.jar;C:\Users\dragon\.m2\repository\org\apache\commons\commons-lang3\3.17.0\commons-lang3-3.17.0.jar;C:\Users\dragon\.m2\repository\org\apache\commons\commons-text\1.10.0\commons-text-1.10.0.jar;C:\Users\dragon\.m2\repository\com\google\re2j\re2j\1.1\re2j-1.1.jar;C:\Users\dragon\.m2\repository\com\google\code\gson\gson\2.13.2\gson-2.13.2.jar;C:\Users\dragon\.m2\repository\org\apache\hadoop\hadoop-auth\3.4.1\hadoop-auth-3.4.1.jar;C:\Users\dragon\.m2\repository\com\nimbusds\nimbus-jose-jwt\9.37.2\nimbus-jose-jwt-9.37.2.jar;C:\Users\dragon\.m2\repository\com\github\stephenc\jcip\jcip-annotations\1.0-1\jcip-annotations-1.0-1.jar;C:\Users\dragon\.m2\repository\org\apache\curator\curator-framework\5.2.0\curator-framework-5.2.0.jar;C:\Users\dragon\.m2\repository\org\apache\kerby\kerb-util\2.0.3\kerb-util-2.0.3.jar;C:\Users\dragon\.m2\repository\org\apache\kerby\kerby-config\2.0.3\kerby-config-2.0.3.jar;C:\Users\dragon\.m2\repository\org\apache\kerby\kerb-crypto\2.0.3\kerb-crypto-2.0.3.jar;C:\Users\dragon\.m2\repository\com\jcraft\jsch\0.1.55\jsch-0.1.55.jar;C:\Users\dragon\.m2\repository\org\apache\curator\curator-client\5.2.0\curator-client-5.2.0.jar;C:\Users\dragon\.m2\repository\org\apache\curator\curator-recipes\5.2.0\curator-recipes-5.2.0.jar;C:\Users\dragon\.m2\repository\com\google\code\findbugs\jsr305\3.0.2\jsr305-3.0.2.jar;C:\Users\dragon\.m2\repository\org\apache\zookeeper\zookeeper\3.8.4\zookeeper-3.8.4.jar;C:\Users\dragon\.m2\repository\org\apache\zookeeper\zookeeper-jute\3.8.4\zookeeper-jute-3.8.4.jar;C:\Users\dragon\.m2\repository\org\apache\yetus\audience-annotations\0.12.0\audience-annotations-0.12.0.jar;C:\Users\dragon\.m2\repository\io\netty\netty-handler\4.1.127.Final\netty-handler-4.1.127.Final.jar;C:\Users\dragon\.m2\repository\io\netty\netty-common\4.1.127.Final\netty-common-4.1.127.Final.jar;C:\Users\dragon\.m2\repository\io\netty\netty-resolver\4.1.127.Final\netty-resolver-4.1.127.Final.jar;C:\Users\dragon\.m2\repository\io\netty\netty-buffer\4.1.127.Final\netty-buffer-4.1.127.Final.jar;C:\Users\dragon\.m2\repository\io\netty\netty-transport\4.1.127.Final\netty-transport-4.1.127.Final.jar;C:\Users\dragon\.m2\repository\io\netty\netty-transport-native-unix-common\4.1.127.Final\netty-transport-native-unix-common-4.1.127.Final.jar;C:\Users\dragon\.m2\repository\io\netty\netty-codec\4.1.127.Final\netty-codec-4.1.127.Final.jar;C:\Users\dragon\.m2\repository\io\netty\netty-transport-native-epoll\4.1.127.Final\netty-transport-native-epoll-4.1.127.Final.jar;C:\Users\dragon\.m2\repository\io\netty\netty-transport-classes-epoll\4.1.127.Final\netty-transport-classes-epoll-4.1.127.Final.jar;C:\Users\dragon\.m2\repository\io\dropwizard\metrics\metrics-core\3.2.4\metrics-core-3.2.4.jar;C:\Users\dragon\.m2\repository\org\bouncycastle\bcprov-jdk18on\1.78.1\bcprov-jdk18on-1.78.1.jar;C:\Users\dragon\.m2\repository\org\apache\kerby\kerb-core\2.0.3\kerb-core-2.0.3.jar;C:\Users\dragon\.m2\repository\org\apache\kerby\kerby-pkix\2.0.3\kerby-pkix-2.0.3.jar;C:\Users\dragon\.m2\repository\org\apache\kerby\kerby-asn1\2.0.3\kerby-asn1-2.0.3.jar;C:\Users\dragon\.m2\repository\org\apache\kerby\kerby-util\2.0.3\kerby-util-2.0.3.jar;C:\Users\dragon\.m2\repository\org\codehaus\woodstox\stax2-api\4.2.1\stax2-api-4.2.1.jar;C:\Users\dragon\.m2\repository\com\fasterxml\woodstox\woodstox-core\5.4.0\woodstox-core-5.4.0.jar;C:\Users\dragon\.m2\repository\dnsjava\dnsjava\3.6.1\dnsjava-3.6.1.jar;C:\Users\dragon\.m2\repository\org\springframework\boot\spring-boot-devtools\3.5.6\spring-boot-devtools-3.5.6.jar;C:\Users\dragon\.m2\repository\org\springframework\boot\spring-boot\3.5.6\spring-boot-3.5.6.jar;C:\Users\dragon\.m2\repository\org\springframework\boot\spring-boot-autoconfigure\3.5.6\spring-boot-autoconfigure-3.5.6.jar;C:\Users\dragon\.m2\repository\jakarta\xml\bind\jakarta.xml.bind-api\4.0.2\jakarta.xml.bind-api-4.0.2.jar;C:\Users\dragon\.m2\repository\org\springframework\spring-core\6.2.11\spring-core-6.2.11.jar;C:\Users\dragon\.m2\repository\org\springframework\spring-jcl\6.2.11\spring-jcl-6.2.11.jar
Launcher Type: SUN_STANDARD

[Global flags]
     intx CICompilerCount                          = 4                                         {product} {ergonomic}
     uint ConcGCThreads                            = 2                                         {product} {ergonomic}
     uint G1ConcRefinementThreads                  = 8                                         {product} {ergonomic}
   size_t G1HeapRegionSize                         = 2097152                                   {product} {ergonomic}
    uintx GCDrainStackTargetSize                   = 64                                        {product} {ergonomic}
   size_t InitialHeapSize                          = 266338304                                 {product} {ergonomic}
     bool ManagementServer                         = true                                      {product} {command line}
   size_t MarkStackSize                            = 4194304                                   {product} {ergonomic}
   size_t MaxHeapSize                              = 4242538496                                {product} {ergonomic}
   size_t MaxNewSize                               = 2543845376                                {product} {ergonomic}
   size_t MinHeapDeltaBytes                        = 2097152                                   {product} {ergonomic}
   size_t MinHeapSize                              = 8388608                                   {product} {ergonomic}
    uintx NonNMethodCodeHeapSize                   = 4096                                   {pd product} {ergonomic}
    uintx NonProfiledCodeHeapSize                  = 0                                      {pd product} {ergonomic}
     bool ProfileInterpreter                       = false                                  {pd product} {command line}
    uintx ProfiledCodeHeapSize                     = 0                                      {pd product} {ergonomic}
     bool ShowCodeDetailsInExceptionMessages       = true                                   {manageable} {command line}
   size_t SoftMaxHeapSize                          = 4242538496                             {manageable} {ergonomic}
     intx TieredStopAtLevel                        = 1                                         {product} {command line}
     bool UseCompressedOops                        = true                           {product lp64_product} {ergonomic}
     bool UseG1GC                                  = true                                      {product} {ergonomic}
     bool UseLargePagesIndividualAllocation        = false                                  {pd product} {ergonomic}

Logging:
Log output configuration:
 #0: stdout all=warning uptime,level,tags foldmultilines=false
 #1: stderr all=off uptime,level,tags foldmultilines=false

Environment Variables:
JAVA_HOME=C:\Program Files\Eclipse Adoptium\jdk-21.0.8.9-hotspot
CLASSPATH=%JAVA_HOME%\lib
PATH=D:\project\dev_boot_project\sts-4.32.0.RELEASE\plugins\org.eclipse.justj.openjdk.hotspot.jre.full.win32.x86_64_21.0.8.v20250724-1412\jre\bin;D:/project/dev_boot_project/sts-4.32.0.RELEASE//plugins/org.eclipse.justj.openjdk.hotspot.jre.full.win32.x86_64_21.0.8.v20250724-1412/jre/bin/server;D:/project/dev_boot_project/sts-4.32.0.RELEASE//plugins/org.eclipse.justj.openjdk.hotspot.jre.full.win32.x86_64_21.0.8.v20250724-1412/jre/bin;%JAVA_HOME%\bin;D:\app\dragon\product\11.2.0\dbhome_1\bin;C:\Program Files (x86)\Intel\Intel(R) Management Engine Components\iCLS\;C:\Program Files\Intel\Intel(R) Management Engine Components\iCLS\;C:\WINDOWS\system32;C:\WINDOWS;C:\WINDOWS\System32\Wbem;C:\WINDOWS\System32\WindowsPowerShell\v1.0\;C:\WINDOWS\System32\OpenSSH\;C:\Program Files (x86)\Intel\Intel(R) Management Engine Components\DAL;C:\Program Files\Intel\Intel(R) Management Engine Components\DAL;C:\Program Files\Git\cmd;C:\dev\apache-maven-3.9.11\bin;C:\Python310\Scripts\;C:\Python310\;C:\Program Files\Eclipse Adoptium\jdk-21\bin;C:\Program Files\Eclipse Adoptium\jdk-21\bin;D:\app\dragon\product\11.2.0\dbhome_1\bin;C:\Program Files (x86)\Intel\Intel(R) Management Engine Components\iCLS\;C:\Program Files\Intel\Intel(R) Management Engine Components\iCLS\;C:\WINDOWS\system32;C:\WINDOWS;C:\WINDOWS\System32\Wbem;C:\WINDOWS\System32\WindowsPowerShell\v1.0\;C:\WINDOWS\System32\OpenSSH\;C:\Program Files (x86)\Intel\Intel(R) Management Engine Components\DAL;C:\Program Files\Intel\Intel(R) Management Engine Components\DAL;C:\Program Files\Git\cmd;C:\dev\apache-maven-3.9.11\bin;C:\Program Files\Eclipse Adoptium\jdk-21\bin;C:\Program Files\Eclipse Adoptium\jdk-21.0.8.9-hotspot\bin;C:\Program Files\Java\jdk-11\bin;C:\Program Files\Eclipse Adoptium\jdk-21.0.8.9-hotspot\bin;;D:\project\dev_boot_project\sts-4.32.0.RELEASE;
USERNAME=dragon
OS=Windows_NT
PROCESSOR_IDENTIFIER=Intel64 Family 6 Model 142 Stepping 11, GenuineIntel
TMP=C:\Users\dragon\AppData\Local\Temp
TEMP=C:\Users\dragon\AppData\Local\Temp




Periodic native trim disabled

---------------  S Y S T E M  ---------------

OS:
 Windows 11 , 64 bit Build 26100 (10.0.26100.7623)
OS uptime: 0 days 1:23 hours

CPU: total 8 (initial active 8) (4 cores per cpu, 2 threads per core) family 6 model 142 stepping 11 microcode 0xde, cx8, cmov, fxsr, ht, mmx, 3dnowpref, sse, sse2, sse3, ssse3, sse4.1, sse4.2, popcnt, lzcnt, tsc, tscinvbit, avx, avx2, aes, erms, clmul, bmi1, bmi2, adx, fma, vzeroupper, clflush, clflushopt, rdtscp, f16c
Processor Information for the first 8 processors :
  Max Mhz: 1992, Current Mhz: 1792, Mhz Limit: 1792

Memory: 4k page, system-wide physical 16178M (7149M free)
TotalPageFile size 16178M (AvailPageFile size 2531M)
current process WorkingSet (physical memory assigned to process): 393M, peak: 397M
current process commit charge ("private bytes"): 442M, peak: 456M

vm_info: OpenJDK 64-Bit Server VM (21.0.8+9-LTS) for windows-amd64 JRE (21.0.8+9-LTS), built on 2025-07-15T00:00:00Z by "admin" with MS VC++ 17.7 (VS2022)

END.
